time,2017-03-25,2017-04-01,2017-04-08,2017-04-22,2017-04-29,2017-05-05,2017-05-06,2017-05-12,2017-05-13
08:36,,,,0.0,,,,,
08:37,,,,4.985964780427823,,,,,
08:38,,,,9.313756235178873,,,,,
08:39,,,,13.060385773877432,,,,,
08:40,,,,14.329098635585327,,,,,0.0
08:41,,,,19.483168483762256,,,,,48.96438597869714
08:42,,,,13.829028063732462,,,,,
08:43,,,,17.67144605653897,,,,,18.508485131825356
08:44,,,,19.51029060735215,,,,,10.14465309699318
08:45,,,,15.280263499173259,,,,,5.531126222720529
08:46,,,,17.277122683744732,,,,,8.857206723200038
08:47,,,,17.082964909645124,,,,,10.228183667975138
08:48,,,,26.66502872248281,,,,,8.928269855026038
08:49,,,,32.56458383447423,,,,,12.891688718737875
08:50,,,,23.18377158928561,,,,,16.294911255128092
08:51,,,,64.56040829541611,,,,,17.38298142520916
08:52,,,,15.099250498783045,0.0,,,,17.842805097573642
08:53,,,,,8.082626107377891,,,,20.652040329993227
08:54,,,,,10.66323998506864,,,,14.350793241722448
08:55,,,,44.37247594934275,15.469616743394132,,,,11.997445279273697
08:56,,,,10.223878351274855,11.791338121159107,,,,15.705677135062766
08:57,,,,10.209755878774317,9.420648310139454,,,,23.9397584226185
08:58,,,,9.836380839558489,12.180065039850975,,,,34.249173803903645
08:59,,,,8.717739039357243,18.199410561654645,,0.0,,33.64643399876625
09:00,,,,19.693674349267585,17.1192950047113,,11.994480284350242,,20.728696694839908
09:01,,,,20.385952347756533,11.848966133697068,,10.843274965579665,,19.110020236449255
09:02,,,,13.225778194653303,11.68461662293633,,11.400157162659351,,23.703559211030594
09:03,,,,13.62355988184317,12.427009499640961,,10.888751865457307,,16.46240369498533
09:04,,,0.0,24.69388187554426,10.82835759129703,,15.105002172293787,,16.104608828556913
09:05,,,9.468030638240807,16.41968575242332,10.5873447450246,,15.024502036950619,,14.021768548552165
09:06,,0.0,11.315214706498795,15.064996387182884,11.803247699256337,,15.678334988793715,,14.09911699362765
09:07,,20.4592715967806,11.967125303130796,16.8686938216923,11.731828058036534,,10.980200623356874,,10.679753966813406
09:08,,14.130678744166305,11.351130633847307,10.847684084632995,13.52554165582042,,11.347703672806814,,10.766020910717199
09:09,,10.648281258024696,11.626676715998142,15.260479118188481,12.228783561574446,,11.786254750414429,,12.385932166171427
09:10,,11.155217692668906,10.583972257616704,14.387197904445006,14.712193992852775,,11.979571543882527,,12.641565617042847
09:11,0.0,12.380250548588805,12.836626167111303,17.299564300871857,19.662640045061764,,11.954668369860089,,11.730009990404954
09:12,15.242696714328472,10.320071033952882,11.256271585209731,16.149250353473587,19.351436693003787,,12.150590820683027,,11.6862929412339
09:13,15.087696819345885,10.456007319359529,10.430950090555827,15.252710141698316,16.713197006158538,,10.19562112400057,,10.651949743278614
09:14,15.422978122485508,9.650284807973287,9.688831171981825,12.879117161287365,19.73712369020623,,9.096541266923014,,10.63106807114569
09:15,14.799398337291734,11.499176148026145,10.007738802421851,11.400539095440474,12.861063148608675,,10.535811499753274,,12.395013782431493
09:16,15.677033277882435,9.492843741032855,11.2171535772227,12.01660275063908,12.257285886021695,,10.404627100678173,,9.998347259255736
09:17,15.010077552264681,9.45197300831948,10.488478053321176,10.163795043560253,12.77499871575336,,12.25266038288556,,8.944085860220707
09:18,13.800700087918244,9.342629782347153,9.56795908989129,10.906930995930981,12.420775145228793,,8.911446437260715,,9.746597563380773
09:19,14.076976789099048,11.423229872902265,9.64857159657152,11.031578252906515,10.198159786002243,,13.604602315638141,,12.669761368115818
09:20,18.672728596248774,9.509832302236813,9.286157625062154,11.14767242615396,10.84546009570364,,12.432649095895322,,11.092194280589087
09:21,16.30788743854744,9.053370516461444,9.149073723607216,17.520230419670096,10.734263918639227,,9.005472699512596,,10.423633753399052
09:22,18.089044321886288,11.238482391245418,8.551579380198335,16.856327694172695,11.405437779300716,,11.623401390979895,,8.87396100138865
09:23,14.034418740190132,11.30936344638813,10.606843481726001,18.33024109338627,11.546898844134152,,10.86610651674892,,8.317289941992323
09:24,16.281809971176425,7.41015059029392,10.188177022493603,17.82985198690668,9.780264274079373,,12.195545250554948,,9.691643979265503
09:25,16.69779309582058,9.926235518186136,9.0210313296208,14.514625364754224,9.602925688082426,,10.240064264731613,,9.640332025532107
09:26,18.038631418084353,11.17944167415499,9.673360056964006,12.178600682481274,14.635230129297593,,10.259493012571333,,11.62265059144571
09:27,18.767162894934334,9.004271816060418,9.870066937674062,8.998449143000514,21.000891709738585,,10.62529435866759,,11.958363334747501
09:28,17.17927422858234,9.803429300079982,9.202935248468284,10.889375651676884,20.768445303211795,,9.188613566302227,,9.470448032564247
09:29,17.110068201330076,8.836333433142203,9.952600319765683,11.087845212589023,15.172156052151367,,10.701923624789766,,9.999822732803818
09:30,17.737453781945895,9.32368983758576,12.040905952038381,9.859000831516008,9.5196411270331,,10.639370722697842,,11.775966520842355
09:31,17.170276339748682,6.8476594997853075,10.3425649371501,17.12710716963025,10.004654671909805,,11.124775746803467,,12.965437970652337
09:32,20.445881601906205,9.28801916449358,11.030773289982893,17.430799892599115,11.069363642880893,,9.449868605788476,,12.403653905536599
09:33,22.422897662508593,10.19241755035739,11.025478707483256,12.545194195222065,9.833966964048637,,11.354147736987278,,11.317709573937654
09:34,17.447324129242087,10.784394976075383,9.99914108290474,10.554793391709127,9.36429600041206,,10.274363727258248,,11.122691193007203
09:35,18.174765544682185,8.873273775783096,10.703869238115097,10.115048169888595,13.318161433108301,,11.3262881211881,,9.544986058353713
09:36,19.81477755047984,9.46487483959332,10.47194346814382,7.620841352283005,17.059474716537043,,11.541783355306638,,8.963916729030899
09:37,16.868749922810913,9.317137100526104,9.655029993048528,9.833322307550317,17.798402491515912,,12.273048300374825,,10.329559954526943
09:38,15.491724084302776,8.380123774692512,9.540785366869263,11.52668143464689,15.298843859504547,,10.033149197161377,,9.142089476700608
09:39,18.002078800678362,10.027201519491866,10.381203893134616,11.602976966243045,18.519238715567298,,10.806561471316087,,9.217145651357221
09:40,18.186130876302414,10.267305893587665,11.167735381072863,10.493806754859426,20.827130105645853,,10.52075525548586,,10.71341986035116
09:41,16.097403193786672,10.295384736618637,10.321653664747718,8.705435861670951,15.741072502903563,,10.874654664057157,,11.910441475689865
09:42,17.547233652464044,9.65689428810664,12.078344861086444,9.63835680367769,14.964205103345785,,9.42441670387793,,12.47733810337098
09:43,17.547757483745134,9.430685398386126,11.108682391677544,8.923992035752086,20.828998653219827,,11.636203808050976,,11.188047984717144
09:44,14.198733438233145,7.976899329731238,10.074759871001062,11.398389186269553,18.429478141915286,,11.23553692994539,,12.419146277857964
09:45,14.061562839142974,9.560570883843702,10.898002253853683,9.995074490092607,16.490773604124822,,9.84495984628683,,11.072314008372414
09:46,14.740775152051313,11.039891964296267,9.095633396031307,8.924958187343698,18.99853881442816,,11.709482001779582,,11.44991500605281
09:47,13.39622321231498,10.039818225446117,10.8777438588309,8.40811035796193,14.012965239080081,,10.950568407050842,,10.919806855930801
09:48,14.651957473747322,10.532895272075006,11.786686080065088,10.183841597722346,17.931919355463133,,11.847698044697685,,9.91962721913816
09:49,14.406505746103045,9.832706212347308,10.954673636360269,9.477712617416362,17.648565495883798,,10.720050601365337,,12.54447371687363
09:50,15.208657365269515,9.4340782428209,9.139475704099953,11.78376233159427,10.89438700566336,,9.111793696907322,,10.77275737972874
09:51,13.659244656397854,10.994748391277538,11.600944016903682,10.476647145755493,13.999674828812989,,9.252021907399484,,11.488458452036404
09:52,14.618500407588556,11.548570934319105,10.394357543879275,10.530679138830504,13.253472225860914,,11.409381853143199,,10.670667861205628
09:53,18.27774070306101,9.033683726291654,10.295251003699068,10.313195784608508,9.77081882550451,,13.64473885559925,,11.105557237820172
09:54,18.89573908925413,8.96175179931357,9.857041846230203,11.509060448005009,9.38931132658301,,10.331261695899812,,12.350413264846651
09:55,20.33684150491008,10.099770289260707,10.856772583852901,10.914096771301477,11.119599695844867,,11.404607278968447,,11.99137098604659
09:56,15.796700423532547,10.479150281630664,10.389630071414157,9.895600479716565,12.896544817475984,,11.095953138043916,,12.032362805679526
09:57,17.832344545212408,10.932087517944597,10.830046264136332,9.67084019100719,13.127419340512693,,11.727141795318243,,11.658353005106113
09:58,19.39477293467237,9.447983222845322,12.545347120546325,9.808852825381773,13.824633886050412,,8.349204396976997,,14.139081237094814
09:59,16.336018136059554,9.48635961525811,12.385287516848367,10.266332998162817,19.685676185363814,,8.342266940606331,,17.956934289084536
10:00,20.168710709082685,11.779712653894975,12.265596342853994,11.992824178267323,17.30590247333743,,9.242231422479456,,17.668769116249532
10:01,19.421372663790613,11.873157247372465,9.168170567921386,11.9183986794927,11.580853114264364,,9.36929131747256,,16.281148048305234
10:02,17.80775520138628,17.04464007271299,27.799559695628872,11.170287713580462,11.269665381567455,,12.070445806976915,,13.701695169607055
10:03,20.325517533898946,16.89254284132005,25.65631238319659,9.527352481802069,9.469738149758946,,10.126582000894148,,15.49280763908423
10:04,21.662147297090225,12.192766917487054,12.638214515738895,12.15367464150932,9.663158612741489,,29.706340425207767,,15.750557182604684
10:05,18.46639267245591,12.5557985442318,20.489048294149725,11.649142269927001,10.934435904136377,,34.757062569174344,,13.673964064204887
10:06,17.492125668902187,16.49222615166006,23.10391915256659,10.451177041965176,12.527319790994135,,22.25798167933248,,13.782512999570628
10:07,17.630278568299293,19.74773196365429,14.818589237142875,8.899514148723698,13.98757996328052,,9.857426557339057,,15.615591250547213
10:08,13.3360459415138,14.348328408738071,14.8826815950061,11.521484392393484,9.925060741837637,,11.794983308593533,,25.999131646156307
10:09,17.861788211850463,22.948614280514484,17.5782469884656,10.554032774844883,15.883857945384893,,16.163187437043472,,26.23757097616253
10:10,18.426774860806038,23.1709275795302,16.558287703342597,11.84499536108675,14.906573616333388,,13.648649544002511,,12.445193558492102
10:11,20.855265909257387,17.243585250511757,9.894916624206592,13.1247615256113,16.440316583782685,,13.149037472694848,,12.189961097661467
10:12,18.166551925287486,12.619998080922992,10.200392353564967,16.627482192517906,17.632298872854516,,13.307308749173641,,9.786585259510424
10:13,18.04712569450696,12.224914877004256,8.836569257919049,16.874909845438186,18.233456957038253,,14.091680077117607,,10.716366814752721
10:14,28.972323422175972,12.108235553918115,10.45090317069933,14.633821716176307,16.094550287545573,,11.908890149100095,,9.012259040930491
10:15,25.38935234502841,8.050408471779553,9.35668249390064,9.041213535112421,10.768665070278363,,10.31837080365242,,9.898579364610862
10:16,28.63931978977213,6.928644836534294,8.940754011360935,20.68845096001632,10.793865228105268,,11.955969351123311,,11.727680419453511
10:17,31.307884390357646,9.406884557776463,8.289331968208696,32.88985665571276,10.172612460466256,,12.049829420473134,,12.996621395898757
10:18,27.383426699602445,9.215264369286066,10.9509190538968,13.070572226698161,10.342679577040627,,11.197610794272142,,12.301805147856689
10:19,24.939213474967488,7.912889866645856,11.75992519640325,12.222183639459304,8.888137840449671,,10.305607722052752,,9.966181016944253
10:20,48.10534947297095,9.168954610305,11.515353496347098,12.183124962593407,11.488323669237678,,10.687712449155494,,10.847990165233373
10:21,24.31860175145424,8.847590714897096,9.249476843313897,11.701277018093652,10.73994139396642,,9.3286759957313,,10.07602682939395
10:22,23.02644894554232,11.898122050699149,9.148039322035078,10.68747843565076,11.64166417621066,,8.356752415711501,,10.456006422745732
10:23,20.979913210815088,9.404208914762581,9.077514344062843,9.364650871094982,10.025610304573316,,11.087103948206373,,9.104308360834812
10:24,29.26370018363194,8.696725527221918,7.466659261064036,11.533026398854151,11.304096602559627,,11.903395917762294,,10.441011859289947
10:25,27.055787110077446,8.57256926189576,10.359623872073414,11.305624383833619,12.461798459024015,,9.762908175419179,,11.795531993089588
10:26,23.517935896973754,10.086864369688929,8.829414972125841,8.2505751377808,11.598979009486134,,10.218637129855756,,11.380344989644792
10:27,18.907886582058822,9.095355814690997,10.924601966433377,8.97475356555822,10.833802521891071,,10.411750498235154,,10.253040809112843
10:28,20.464678806319768,10.423880360539126,9.99181649526251,9.229222300434277,12.56109212674864,,9.363356742064603,,10.955101955443714
10:29,28.145445809076584,9.023744228192273,9.79021420965003,10.333343859201626,12.416500278527224,,9.60124140194034,,13.570990334011492
10:30,17.624289908863467,10.32833181209983,9.528398507881585,7.364188261444704,23.19263010410491,,10.607779525345224,,13.16543046675649
10:31,14.924627089143634,11.383832902959357,10.012437421776976,7.065085293776243,19.866789813656357,,10.912579061378356,,11.685984928537259
10:32,14.611115952417867,10.458809235520077,9.906532409223725,7.549248065480871,18.12827750539196,,10.92443612675272,,9.845499050962324
10:33,15.89350132522724,10.412734216053275,9.163040826466943,8.771997438582616,17.533830870634066,,12.316407269201248,,14.745151374689241
10:34,15.963852706322706,8.30241612674688,9.244598225675722,8.355460633372246,18.72413656498389,,11.732524127221446,,11.603161992714169
10:35,16.571856759528586,8.891027722278979,8.993491425516195,8.85028462936833,17.171092001408454,,10.757129249362952,,11.910440929075632
10:36,16.55105409533383,10.895976441061478,10.935005144031713,11.36066122360402,22.63227722514536,,10.1316905106782,,11.48895871677818
10:37,14.4482329513566,10.207607737818233,9.036284092940713,10.771920335220333,22.31514358755805,,11.686180607345586,,11.350944894589169
10:38,17.653878203527967,10.657925308192024,9.921330372191354,8.351580844616585,16.295988402696945,,12.456499328496484,,9.95332118461806
10:39,16.145151571627732,10.093009854184562,11.545637772011554,9.180360888421909,13.332303462830419,,12.654810185590826,,9.975943642708694
10:40,20.002529787920988,12.027446281838053,11.110493374321113,8.212374206291788,9.988686282281236,,11.48488837287938,,12.864751321440306
10:41,16.552776642706608,11.193524983779684,10.175357743506288,11.352710625294149,9.039540687077707,,12.559593527791149,,12.478022032925198
10:42,18.59055416513092,12.008442472902136,8.969611108487369,9.554467704953533,8.869912362165705,,11.582911105913745,,13.866798082560372
10:43,18.099993295348664,11.582325503218255,9.241352940271604,9.127159818594537,15.627122555832214,,10.998667840735683,,15.18556728100183
10:44,19.05628725261473,8.659249690841195,10.58271310518558,7.555810677882287,16.255169177833864,,10.394589588258565,,19.75053908810677
10:45,14.61400927834316,10.194164716681467,9.655371858668447,7.406131750110849,16.868644543946026,,9.719624290792655,,21.36945723700456
10:46,16.38599409874685,8.437347992457898,11.070368599893143,9.756633934363157,23.45819377548777,,11.238780933668918,,13.778015455639224
10:47,20.28084348591054,9.266176733151596,10.501757888563226,8.156058043718179,22.66928666307125,,12.106322792759988,,13.876775449469518
10:48,16.00835779431586,9.380182456469953,9.295315100226565,8.04002542621394,18.79590071941664,,13.049359379231355,,13.892431205216266
10:49,19.30100336068482,10.09838103257976,8.205716662028978,9.1862489511044,18.48562769423857,,11.592380624430284,,13.311004513027306
10:50,18.323305259286602,9.83934594603896,9.809993496217688,9.524818977938637,16.434291401036027,,12.434331966709484,,12.807783156151574
10:51,16.503123173483456,9.528825565969116,9.233714520937207,7.932923221192382,8.215627385253871,,9.858196594923774,,12.824054261750975
10:52,17.834498345902528,8.997998272764152,9.713612012703273,13.255651408770273,12.216394252874565,,8.964548406082706,,13.311654022415846
10:53,17.51779981666267,9.343263671847575,10.6487587060261,11.702183690448544,13.074661185061991,,10.43015577444396,,13.680845871144081
10:54,16.742909740021297,11.797156238369483,10.92352411846409,6.418906359666472,11.372377284638715,,11.169398251099594,,16.411608632814357
10:55,15.767547087160807,9.779936413392472,8.444907612480634,9.231898702099873,13.787129225900026,,11.298859547907185,,18.34731521288151
10:56,15.61995531897152,9.98169535637609,8.859551343042153,10.846520227320221,13.962524283774764,,14.006816625456572,,18.89235333629279
10:57,16.51820044173497,9.693611459358168,20.391594699164653,11.401801073003044,9.085740802900997,,12.387809637065251,,20.64398739645517
10:58,15.662506401302233,9.805799782526666,18.40646223703332,8.666572184981787,10.29499124777028,,12.172875584675955,,15.026665534420244
10:59,16.157091499684178,10.752404794006159,8.218721989812853,10.686948036428985,10.92116277482241,,10.113902096866473,,15.43683527583725
11:00,13.836642080450735,8.555920282178885,11.744887074630954,10.389380646041095,10.387315231008124,,9.638142704466805,,12.514345518244252
11:01,14.689299925172286,10.41738455859563,15.044893634691027,10.03075549144563,9.47869447541872,,9.561268166845512,,12.898885005108
11:02,16.765577349264376,10.320154810490974,13.425893475854785,10.280837301747363,8.58163552180857,,12.058623448767555,,16.197807705957207
11:03,17.454478711303107,16.77639215845191,14.799596911740535,7.431985735936706,9.900935561854748,,11.006358034677048,,15.561371394819288
11:04,19.05258291216705,13.092407966228626,13.207003054724414,10.275982566564297,10.586338607099561,,12.528176867565367,,14.971743559396591
11:05,18.905701782685387,8.595141190424584,10.8312828428046,11.596562349823046,10.381417518214935,,11.353577951098352,,12.699880576866331
11:06,18.311758318313764,19.08521426774752,9.64531292692639,10.922376925758115,9.300673558717849,,11.048775361060006,,12.185193734781842
11:07,15.120309086622536,13.506519548444006,9.956734843813006,8.951377338153051,10.703388603809854,,9.706315035197447,,11.805077518099296
11:08,15.700158803602381,13.396298443195667,10.72665663196133,7.488599042878448,9.273033063000476,,11.753732917673435,,15.44141672648055
11:09,19.65828271153579,13.702711885639035,8.81999870086914,8.136181056705905,11.154946912693038,,12.397157142197292,,14.135958617712019
11:10,17.164015046019973,13.722316772475654,9.706562883989022,9.005308012268838,10.14385915940444,,12.105841672687061,,12.450050995544824
11:11,16.231407424470827,12.166508610560115,8.727486005670055,9.338976261034539,11.987442626730967,,9.766304663015246,,15.827143170436663
11:12,20.017150172830966,8.99269799267717,7.449748247983508,13.817945853279591,10.96628108491358,,10.928981182502786,,25.772655143096923
11:13,13.003828823177429,10.19837987541812,9.691351358083832,17.367731978082226,10.641023040768527,,9.948672178989515,,24.60372441741968
11:14,16.5084564977317,10.890491289231784,11.833490543263215,16.871375552124768,11.501159180708699,,10.557108905259053,,15.354624405207705
11:15,17.78889494413111,10.177753773549446,8.461664532860345,19.28553615245114,14.616532128324193,,12.616257472173224,,14.794162559379066
11:16,15.86630731495202,9.356548926420468,10.381720714794827,18.14836534190706,17.464654618328414,,11.007820184229637,,14.388835208099135
11:17,13.979379903987155,9.74558545893986,10.705071884975832,14.918996332277182,16.51175111852162,,11.700608090501108,,12.159917934207726
11:18,15.67741491897394,10.853583461619177,10.258305324223883,11.138289744727421,14.55039763560318,,12.542373139016929,,14.848215012670714
11:19,17.85655273340387,8.851722437139939,11.383657534121742,8.712885094310991,14.613378823016939,,11.58633466811945,,14.189039141916318
11:20,17.091087665920114,7.840494576768314,11.258916443386843,9.440457869810482,14.665120858406407,,13.498724264567866,,13.368657627856035
11:21,18.32223711550166,9.023356816017344,8.904454702095276,11.135668246300563,10.561136894293153,,13.077370980852127,,12.71591569566135
11:22,18.686231743474483,9.580327825810556,10.297248646483196,14.299745481417961,10.406437135454508,,13.104466100182538,,11.517957401741569
11:23,18.092095937637147,7.012341315792228,10.69697559963407,16.082994172805638,8.82696286598624,,15.033500801681779,,19.40213839964984
11:24,19.34127159674789,8.857445255734484,10.288227900534343,15.14527815924268,10.494038014709432,,13.03349942615822,,15.561825537593588
11:25,13.411690989891367,10.089684294697562,11.176282038689491,9.388271994444274,9.65978656920017,,11.262807593838813,,13.45586756307448
11:26,18.13162340187717,10.812590726979666,8.871617518571984,9.654833175453284,9.61148997727893,,22.226592029125086,,13.44811505146725
11:27,18.92868831022988,9.623775706767416,10.471713610364828,10.058311421199553,9.9078808331634,,22.760325163813015,,14.131983745509098
11:28,19.616258310497614,8.566844335868371,9.16531311976483,9.98872710963881,8.31868698323239,,10.057137028415855,,17.098361276254906
11:29,17.87892047624334,9.162403847835641,8.764256926811688,10.103442070238572,10.296903660809884,,11.065938001550824,,15.313184338449444
11:30,16.137173182851242,9.723667726866235,9.292963203637827,9.450420708227757,10.182540945371477,,16.045561139818908,,10.364160376629648
11:31,19.763492121417546,9.471371144357434,10.833500751911485,9.817439733284164,8.506070656938686,,9.763805557175608,,15.111692940953596
11:32,17.006121890978946,8.587057363652969,10.835181965669367,9.152803418443265,10.211866718431065,,10.196181219374896,,12.584637501400929
11:33,18.296157653885512,12.107392283917568,8.29338384647666,8.45127816393276,18.444280998794717,,16.057987611959145,,14.821827460567516
11:34,17.590603567079974,9.886098114903573,8.143359705408246,10.145532601634738,17.21321679093326,,10.841981195796272,,14.781271370668133
11:35,19.345415369883717,9.297118057046854,10.535066766320623,8.684820540028447,11.188516015316775,,12.010029380861926,,10.602829000436627
11:36,20.676416895221475,10.06430377207816,10.712897381777722,15.849026882588092,10.54675330176701,,11.992205954111753,,15.445029826910876
11:37,20.93288029880663,9.87574527778368,8.881344856401723,15.605165477601744,10.156186717751568,,7.853113401967825,,13.6283874802744
11:38,18.75865471089278,9.561839819258985,9.850479842373163,8.733429339087444,8.479529701483056,,10.2469963078618,,11.31853851265701
11:39,18.77101405758357,8.508921084416832,8.575753428999692,22.104973516533928,10.54237001935523,,11.108396997504485,,17.33274620900662
11:40,17.855466133185473,8.594434942401197,10.073489599355993,21.45525308393805,12.116842251421506,,12.121084097039342,,13.876619875411544
11:41,19.055091087532663,8.9419403887896,10.066015302119306,9.046055943061596,9.536745628750932,,10.077922756368665,,21.022447749370198
11:42,14.511014458851593,8.478775339045137,9.846944137861586,8.582273640087069,15.845877815697053,,18.447124564210547,,18.19781659007017
11:43,16.863424579297845,10.430398856827095,9.823198758763187,10.23090632695038,12.842967129425347,,19.609638547365766,,16.002953535988286
11:44,20.863371861150984,7.819016515574917,12.813642977473915,9.6346714126205,11.850102320233358,,16.260435495398024,,11.57078486966204
11:45,17.86322157103341,10.296718733007458,12.876937738485553,9.832533980575237,9.102131933188328,,13.784038852358673,,14.505946392054765
11:46,20.902857435248734,9.995876728056423,10.883922178110547,9.773642781950173,11.275693506942265,,15.097515989807727,,18.19483743744362
11:47,22.20393487556504,9.894114175230646,8.862728781720298,9.606533014698902,12.930303453354574,,17.243083818833956,,12.989887914098153
11:48,18.76722331175641,10.184448418217519,11.041232829527388,10.956265069394467,10.173546195280187,,19.676657040556126,,10.689814198767284
11:49,18.025175392119397,9.781274174624011,11.956318500413635,11.272056919103095,8.992263891581104,,21.810680308528514,,13.837544094329026
11:50,16.791676757647913,15.80802863328737,11.06767774309498,13.297689433538196,10.857727590868175,,12.297418258859595,,12.99008010945275
11:51,19.754057520966846,50.92489181382715,10.814641358285227,13.485827147571134,9.14354938262489,,19.50986529297422,,9.160157385838591
11:52,18.106294341793593,19.60015352565297,9.590204122132473,10.806827775184539,8.106115393382538,,18.063150233394136,,9.137743213817439
11:53,23.0902499490225,22.089083877845635,8.617508582337859,10.710426384291774,10.457894097682065,,16.402307002370122,,10.113755947965128
11:54,18.09882815900429,,11.053711339409942,9.718348785930665,9.687672283414283,,11.491311663600461,,10.97108351246585
11:55,16.14607182619558,49.14112176087015,10.129983187300953,8.40449532492384,8.653543018373071,,15.29200815922051,,10.657408979007672
11:56,16.01320594332482,23.314520533528746,12.046523681647749,9.123157433832873,10.22883740135375,,13.542035732150223,,11.647109418757086
11:57,19.690904903977877,22.44859091021453,10.60739308316767,10.161739362678023,12.215605371136274,,12.28321670003424,,10.213522618119242
11:58,37.24290567930354,11.681531497410774,9.364280399252973,8.444927379054246,8.932231110095989,,21.047658049650085,,10.951935093473967
11:59,41.58443661069808,14.783434616573372,9.43039829377141,9.388076935223033,10.535364057939967,,11.317017744308787,,12.609780182461547
12:00,54.77862153800666,13.474352663022444,9.558123072374967,10.144247985311676,17.405846329849442,,15.432951607275259,,11.558105673977606
12:01,49.6446857941932,24.182615785931844,8.641873199476679,24.615217652991948,21.785541387389635,,16.180499628539494,,10.883246226999553
12:02,44.746892652823774,5.530066775516066,9.751478360142801,26.410094720106553,15.627678370442615,,7.829751918430536,,11.761356502157106
12:03,25.718908353096946,18.21440441312864,9.732497270741977,25.56611227533432,17.511680045639064,,11.563841881593678,,13.499767089040215
12:04,2.0033587682106933,18.32641651244181,10.88616852267898,16.486370443996055,16.990956387394245,,23.584398875368862,,11.194495415344395
12:05,2.06568163689374,2.9631695797462103,27.54140647885168,16.459127407004296,7.048622649142171,,35.01879716963924,,10.594055157846784
12:06,2.0242332653377675,5.7767248055595175,33.52845832585109,11.523946829139454,8.55722328284707,,28.947284612867122,,10.72887150888511
12:07,2.0006506754053794,5.541093031087519,31.9407031743328,9.245166107440507,5.318256342151376,,14.074203333729644,,11.978847742131405
12:08,2.008574198903292,5.424402328828495,23.91986384698569,17.257809675380784,8.867330283358498,,11.684173100466573,,11.508973582238625
12:09,2.0036565532379385,4.80152319582026,12.352396634020732,22.798735425000373,20.810008709753106,,13.897065600034662,,13.867272904666589
12:10,2.0349581537466563,5.512227081301472,10.427814468206334,16.81849334004585,18.587692206470926,,9.694178584980783,,30.65792030787749
12:11,2.0400190205404134,4.860994518443046,2.19697934199816,2.6360186400769883,2.5304567687145605,,12.608440480652895,,32.85333144414987
12:12,2.01972332057306,12.563012468817607,6.572131305431544,2.243661558145524,4.85165806065308,,13.829068833137924,,20.503043206538067
12:13,2.0127423508321507,12.709790517549846,6.555487880712363,4.508784134886033,5.312230189226868,,31.86098258777236,,14.482846804495999
12:14,1.9895777923134008,4.81701909033654,3.214974646737773,2.7228551382999915,2.9288470072140447,,31.665963909417,,8.696146656230372
12:15,1.9944108100305384,6.202077440933268,3.3357412656959267,2.5638807255798777,2.44382661857724,,7.742165798405508,,13.507845116357384
12:16,1.982397801064828,4.453512073820691,3.5693831895954613,2.259832451385132,2.348777385861277,,5.002792501443569,,8.793313451613864
12:17,1.9974455040542825,5.81986970071782,3.5455556099620456,5.909159424500802,2.284736718967855,,8.059931923047904,,10.98195537006047
12:18,2.016280739587951,4.308226566214147,3.088588370922872,8.520889557679213,11.361073686606385,,7.205104129770322,,12.50237350382585
12:19,1.9832363859358773,7.7533468915580785,3.2569507403398044,3.1800545396266395,13.920172992669068,,5.9534269280390095,,2.177170851510433
12:20,1.9907088875573948,5.534866567196239,3.799632177921963,2.788274836256283,2.6646390077582116,,7.113650280446741,,2.169191717744961
12:21,1.9982446724146004,3.4842664220750974,2.741972943885479,4.50244482198283,4.5755799381972695,,6.5530570156225565,,2.1701593643478505
12:22,1.9995232504691376,3.9488795879337726,3.459958905102776,10.724768669805114,3.5441878771212645,,6.229644811637873,,2.179417090454846
12:23,2.018994567228946,5.463413205512342,2.833455634615325,11.015261690226277,3.2060070570727066,,8.928143879048992,,5.596107882939713
12:24,1.992409816026813,7.411914114001411,3.450311278227903,5.624118217922404,3.1847182306027224,,7.332539990230763,,2.7686534031306023
12:25,2.1146288582948385,5.7281004159319675,3.2232330430795724,5.046332723704744,8.42505035222342,,6.3362659054840815,,3.5853914389970494
12:26,10.31464573636277,5.624421868438271,2.9398064526711054,5.514052691381661,8.18409226156654,,8.334451154195259,,3.5461170078458117
12:27,6.9299979332007515,5.226077689896441,2.6460321119555603,4.249903491551308,7.9078354141636025,,10.549651727071373,,13.589117850630824
12:28,4.64679689185644,3.6156569971214543,3.9091043571386015,4.589655034240954,8.672449012533887,,16.69132963235204,,13.489634060393682
12:29,4.64797396498374,4.81872297873963,11.76643290165574,4.628345524230734,4.5982778139393305,,15.309716515718591,,11.174159061386533
12:30,4.252574832772885,4.301232078815713,12.770746499161014,4.335163035188719,3.821600341043877,,7.741470272446097,,15.328983423974993
12:31,12.848590977386069,5.7750102813761295,5.6337527734628186,8.707648069130569,7.369801557708322,,10.067729205444826,,6.180939788306197
12:32,23.69630411363412,4.8780025475768936,5.7039401129833065,8.520175259836696,9.219266087249027,,13.382334204091599,,8.450347533533755
12:33,21.385937491628308,7.1721445029247235,5.161204185636656,6.2684910215697025,4.753549277031498,,19.072916225195698,,9.296999151832091
12:34,17.44617835121778,8.202991863998973,4.888432082904156,5.562754301303149,6.619545120638327,,18.275639281454247,,5.923504777930603
12:35,20.90079019389379,3.90387941401456,8.771647774933738,4.324026142767101,6.99085868891178,,3.138266091729635,,10.605450274308646
12:36,14.825577068588819,3.5373408385867107,5.581837315123041,6.859416695013747,4.494025316090983,,3.0592627447910825,,9.848606315320287
12:37,13.479893572620174,3.5251006191313183,4.9014415396561315,7.365520991699546,6.164893635876182,,3.178089949823112,,5.664631681171629
12:38,31.368076111842328,3.3240547685269366,3.6406889658186037,5.226712538329742,6.109856364241852,,3.30178305679926,,5.7959691003748475
12:39,25.297363622520038,3.710182146808968,7.808957863675964,6.027531496184817,3.364963626598857,,3.3975134902847213,,4.621523411801928
12:40,18.66176573963014,4.117848788607145,6.8380205088290476,10.928501727135334,4.501415923073539,,3.286616801514896,,8.91289786980082
12:41,17.364532503424904,4.1273594262352935,7.475794446355962,10.367076869228855,10.37477547447815,,2.9260955035393725,,11.256623420605905
12:42,17.789848770319363,13.536948973088435,7.532071324509612,5.315999778577248,16.010356544020706,,3.1605888494076537,,7.0857248291312205
12:43,19.292843691595426,15.188376689374454,4.7371618722782385,5.024008090326554,13.766559025255125,,4.16041883658765,,6.177470828205775
12:44,17.983604628012337,10.363011999816141,5.2556378953938605,5.479041649397578,5.748169726820298,,3.934558160285176,,5.30529540883446
12:45,23.55634705251078,7.799222283610505,5.442282858170213,5.5250962472763,5.172091221562769,,2.8880818317122987,,11.30533209835813
12:46,23.856636033030725,15.11752332421992,8.211185682500426,4.461412565918258,4.769571630835067,,3.163005065071295,,11.73015354048417
12:47,21.49546822394587,16.631916387125486,8.540621013232393,9.185062148220156,7.938045125638093,,2.80462007230926,,2.5191012989093284
12:48,23.71657358262361,9.930649578031977,8.063691772383168,8.74371634494357,8.560768559734187,,9.09009666019381,,5.064949047539042
12:49,22.066104273579874,12.745022966502127,7.40603849908978,4.2413704055018195,8.21844644559826,,9.526307653020659,,4.357892743823173
12:50,18.208652862375626,16.75455842823081,20.383888015415508,4.904347189399081,8.617207983883178,,4.7438748336670935,,8.949710336327465
12:51,18.41193319166042,14.067484690620187,19.31036687248588,8.108273584483525,5.5704324057922125,,4.396047170944218,,4.642123425312313
12:52,17.741816849019905,19.30567050225572,7.656153502793249,10.075357184528665,5.948448545979588,,3.917022279955357,,3.7472708124269145
12:53,21.473834162669533,22.76940945151704,6.023721077955054,7.745188963694388,7.314015690496796,,3.5391736323610914,,6.579182802914557
12:54,15.632416256639063,16.45404892546715,20.32962115618898,5.4616574483698015,19.667500688530136,,11.931030969702492,,5.8199724816789296
12:55,22.131448601198702,9.136607999097183,18.58345419430055,9.358282761810523,20.28679207791365,,18.643387553745875,,5.799866063467902
12:56,15.849835451958695,16.862045907525577,9.004453701271018,9.472156537936156,10.280226595467957,,17.37391975059169,,4.552969955607732
12:57,12.083322744248235,16.801547516771585,12.502279792101918,8.594366371835292,17.96045192452944,,9.767019733734887,,4.5367487325727005
12:58,16.084881828521464,8.282694056485084,21.03782938195304,10.186875108646747,15.569290218782186,,18.236089276029915,,15.452027509898715
12:59,15.531037020672507,7.310588282872088,20.366065270035183,10.376769578004515,16.26836953710584,,17.343119387934994,,16.364325114661266
13:00,22.76845923503609,7.859975151042144,12.213456760543535,13.965768268639335,17.843366385251784,,23.618402275379815,,10.030544601366367
13:01,27.766868709248925,7.1579010104219805,9.44776538835154,18.856745988394533,20.659924383231253,,23.906590705633178,,10.585620430368422
13:02,25.269951554415368,9.824952183937928,10.850941827402202,19.114383709221013,13.836725550444848,,14.43467694260942,,8.900104224576998
13:03,18.39143804135953,9.60290814241533,15.643873284905071,11.649844307793705,14.1640096282797,,13.11894544875845,,6.485602082690551
13:04,19.67258902265197,8.963079130522058,24.25404661254145,9.834255527025588,14.986734776822916,,11.706396688883393,,9.70687444331765
13:05,34.829778947941946,9.603677084412338,23.808798312458638,10.762526011389395,10.602840470443127,,12.245450622067773,,19.854187701108128
13:06,36.111442258364136,7.641049400278733,12.967261320179885,8.047411074376653,13.692074140568822,,11.137614571053057,,21.008866035160807
13:07,22.82860193147696,9.076859198900614,11.419065038529501,7.972246324489311,16.080540873728925,,12.142689930571391,,28.12919543708103
13:08,19.06691414739592,9.719940414769354,11.633519190253654,8.627313155998609,11.560329210638134,,10.053579223755753,,29.130858548825284
13:09,24.51101165165363,10.487925150301814,14.671521379302602,17.885348082765027,10.070018955832868,,11.37785978245323,,16.120397760549626
13:10,22.510280278778552,8.769064112929422,10.797933878370745,17.74598792685265,8.923700418921886,,11.606550525637093,,17.010761958120316
13:11,18.453400939935165,7.633361433263418,11.165362361637287,8.617842682481504,11.351400886381088,,10.364492922553746,,19.72561949808759
13:12,20.426773905526534,9.762137877406774,10.610040277374068,8.142657735653636,10.510726738075727,,9.070910895779248,,20.45501511192712
13:13,19.132511760090466,9.12621461665058,11.137644335952137,7.992676302664,13.396667457182527,,12.144610494474492,,20.73063633399853
13:14,20.243379679128026,8.709125033788794,10.785340793951145,7.927529564750925,12.620542818819905,,11.408967301900434,,22.223798957517733
13:15,17.332641502619655,9.289869874851137,12.012145394523273,6.5512725385988935,8.924422425288931,,12.097313708354154,,18.288586960747768
13:16,18.18289101108053,8.34916955700785,15.392119720141428,13.201275546009436,9.122372652577836,,10.493109197230345,,14.990077256166275
13:17,19.859514774619573,9.603732727000825,13.699290564812715,12.859480269921484,9.810957999859136,,11.877913984576585,,17.38802217344361
13:18,17.23075609859204,8.992734161996191,8.675071295336233,14.290854556615336,11.08715853476444,,11.327194139915381,,19.640827044174248
13:19,15.056037894590109,9.094790146699372,10.329110713173712,13.138072478012138,10.100841394408684,,10.814412716178042,,25.467378010080534
13:20,18.217791841585342,8.312183264642329,10.18917992283972,7.9551281940226035,11.244125364310618,,11.565640879706292,,24.21560494632886
13:21,15.530994800049564,9.900526869397742,9.968303725642928,7.973868486865916,9.903325882836867,,10.802701702004919,,12.965939635252047
13:22,19.662143591811144,8.134792688405362,10.124142504841254,7.492413211320279,9.105353536290249,,10.536700098149007,,12.202198508363152
13:23,17.460340566791167,10.23629846428874,8.649546983561239,8.93646823881411,8.891455431339686,,8.919172379626934,,11.307977502999082
13:24,20.246859401522006,10.215970824930606,7.6683243226057325,6.577003180273926,13.534368193448607,,10.998596193567915,,16.15833912991988
13:25,14.102779664691402,9.519880705441286,9.918945597735345,9.704797809374153,13.27557649407362,,11.465212624318545,,13.311490356862125
13:26,13.628303842555024,10.56334022792191,9.155847260767297,10.393995086306644,14.861831548606874,,12.120714771105705,,11.675045993842307
13:27,16.347302864310674,10.529208184854168,9.834324826426402,9.229162283670897,8.9823665508688,,12.224468078066492,,10.994217585280907
13:28,13.622967050169358,12.905896100878337,10.766457895937736,8.686581786007661,9.498429256110368,,10.26851140927934,,11.371176761333894
13:29,19.956879283324,11.448549421396873,8.780603416290173,9.06472122204171,8.06257545184333,,11.404998447318322,,10.534927572524328
13:30,20.10166199855541,9.363012141088287,11.295568406459234,7.547798451093758,9.5618891689439,,11.883436476878224,,14.742080342085373
13:31,22.563463310460573,11.099126349815409,7.269372393817777,9.893030032763807,10.087479657145947,,13.465967036539435,,9.688950052766296
13:32,22.29659941140128,10.4384102896466,10.205793059785536,10.86949221157548,11.391384514001508,,10.40602497254195,,11.798224244033506
13:33,22.250155079047573,11.536314651099227,10.617134981167627,8.807001564806265,10.372630402088632,,12.070409000423307,,11.028294316023366
13:34,16.99893161471234,11.187414245481396,11.11967182800374,9.583792036123628,9.502527322814354,,12.507924842041811,,13.27111605533486
13:35,20.771271626937047,8.244027604625868,11.544784469079534,8.93286896336595,10.140999986646618,,12.924957869853964,,11.406075660768108
13:36,17.514161115603947,12.284434765181508,8.299821126335598,15.147142177514324,9.96860995199431,,13.778810517270108,,11.641233446067188
13:37,19.764934912195727,7.891565843248937,9.945324199718176,14.671358719173446,7.74640672747694,,12.14822155622652,,10.085829090238443
13:38,16.762099112780195,10.266037960998716,9.600767411818355,10.111417381274169,8.107448639214438,,10.738682632776705,,10.466158609617317
13:39,20.56858430754695,10.644418089230305,9.119911880513612,10.522200810468943,10.087115724816154,,11.179740698394275,,9.616520778067297
13:40,15.179587822412484,8.637186107417548,10.899973313231854,11.25858212006142,11.422614357055044,,12.292861368493506,,9.374903499503342
13:41,21.38457167513922,10.216554376761927,9.785887026521069,13.460995621609865,11.346776203324596,,14.10389043919561,,10.433717802753725
13:42,16.655864082458564,10.706790874642753,12.042529344819277,9.759184803088493,11.957789237041268,,14.538187268793175,,10.435691509989487
13:43,18.981270538349108,11.17950661832474,11.214858749482017,9.494017606498316,9.666297550424016,,11.827570765306517,,10.049016509713773
13:44,18.054918752124955,10.141579917802089,9.764870550857292,8.595088925999157,9.408418769910275,,11.04723018641626,,11.568462966905615
13:45,20.82545042530093,11.264448800133689,10.152734417182069,8.472125741709299,10.731559983874664,,9.734132414045263,,10.210670531768878
13:46,17.08617789325629,11.60670801016952,11.091576430261538,10.499555992596383,10.354460743644095,,12.314878365890046,,11.994713136593411
13:47,19.008280418785038,13.729562121264708,11.980730709490693,11.419972567283162,10.084402689508519,,14.351792607255256,,11.853433464436932
13:48,19.18595931653753,9.410209659371748,9.923944764432138,10.265504914315388,8.729322293759884,,11.269685739481233,,13.46592824269831
13:49,17.639767808373595,8.972257821566803,9.988113013102122,7.99760191922137,9.560719659976787,,10.981118050810368,,11.42584675016838
13:50,20.45082753521236,10.369624008773574,10.50570589013418,9.728672132327892,11.282221264745104,,10.718445768277226,,10.058244778331522
13:51,18.286242566134245,11.400183546585266,9.978936201235749,9.837831660017024,8.826301957785036,,12.20800601808092,,13.453542090901813
13:52,19.28587657890268,9.788290543850511,9.355943827099077,10.614599051345902,11.214764867872471,,10.143958331193993,,11.925330380643553
13:53,20.56200050051875,10.226429046429976,9.484026977414887,9.14093557164692,11.58414694384816,,11.330858308177714,,11.950248886006515
13:54,19.597983739830653,9.92012839613648,9.802618857138807,9.293403742709126,10.522582461861091,,10.634480280358476,,13.993029663609905
13:55,17.102383499213396,10.562257763494507,9.250830508887656,10.124924330992963,9.157582695959308,,10.370109690837412,,14.617461411784197
13:56,17.716013545306968,11.448429704912956,8.696430391976929,8.3878612689211,11.779844611135585,,12.028470003495872,,13.688645652206313
13:57,20.41489606267933,14.992502674948346,10.202616775244477,10.483402233809086,10.161470068761377,,12.3598554847606,,9.955489037669956
13:58,19.11790921110796,14.84431381385366,9.461526232370408,9.223485450423103,11.478878679085634,,11.511302733617944,,13.085534315928154
13:59,24.752690710220442,10.647684436259683,9.839988170089434,9.644220014469807,11.758559116660507,,11.08285380384944,,12.948523705265913
14:00,23.627681516690693,10.650073845596877,10.858635508394537,9.812280570794947,9.126941146271296,,9.826852348709293,,10.938115839805318
14:01,15.084354287500455,10.383806127210773,17.72640111117219,11.56208019508168,7.749659804361308,,10.405058139954496,,12.073222134473188
14:02,59.43332349066333,11.184588284964569,13.267655885963176,14.892303363790527,12.31494311632552,,11.33633120583257,,13.477606117803958
14:03,33.8036857735218,16.15241977486139,8.03090313777556,11.926627443980127,11.4329379562954,,12.184362202908554,,11.002800898142556
14:04,18.759870388122803,12.618486252815748,12.074112005823311,7.320605763869544,11.859995498699258,,12.165219184729061,,9.805636692102151
14:05,17.471813535782903,10.089919009833528,10.313901773415658,10.825471578450212,11.01425657575974,,12.684031011801153,,8.97414184616
14:06,18.473214209475483,10.880211538614494,8.833536062925196,19.05538297470035,12.271149090447887,,12.413615236069093,,11.205606297742216
14:07,19.187346769203568,15.875318599165185,11.969620246865256,19.79193104209389,10.549593297848027,,10.811608754212608,,13.12354128798702
14:08,19.075607815785762,14.322476926582912,20.039943108493762,12.446941077529852,9.090356468762195,,9.345193311046772,,11.584237607089213
14:09,21.98823762264725,12.366263309066596,18.515129947671625,12.405664469809748,8.829011305066949,,10.940428441298204,,8.874840961016334
14:10,21.23419783774513,11.680349773586974,16.134455415739946,10.424337134201867,11.760932657709027,,12.02202936713127,,9.860682658923773
14:11,13.841732527938836,18.969377405878838,20.67843895220333,7.635705838089452,18.401234729858032,,12.256367817723708,,11.06973870984165
14:12,15.710638165348346,19.666806479022807,13.146520868180295,7.084601406101358,14.251976452846813,,13.130804034153176,,12.799011151582505
14:13,15.660869528062609,14.289108687505086,14.070741844041724,7.568228993903836,18.20928832354521,,10.167030919021213,,11.934538812483149
14:14,11.866844282671222,15.36331232596018,9.966273778139618,9.485947062189767,21.29455055485636,,11.696814002646187,,11.39467097210358
14:15,13.457595497060387,12.386464071214993,10.683477898137854,8.983002815502918,13.607121144214648,,12.084238464662693,,9.223592541683525
14:16,16.982722485539046,14.490067557209663,10.708993713424556,6.958682713284652,7.8177014684624515,,9.936365841988373,,10.242761392197906
14:17,21.39534360848173,16.231101430458544,10.118860098227467,7.926412334719914,12.488272310952384,,10.310356393371343,,10.15067665026984
14:18,19.16115478263684,10.836230245685076,9.696558506758985,7.281769902754871,12.886904811668314,,11.948055128520567,,13.730838409853206
14:19,17.641191366018905,10.30569449685464,10.543038456528238,7.888860025377557,12.323366841594062,,11.689262901804376,,11.710855852228164
14:20,17.027627581130222,17.062917348375688,12.222871214619202,8.458183568050135,11.217444933376463,,11.54830182321193,,10.348731152094604
14:21,20.119999715250163,17.381449192793642,12.26407210445753,7.324321463168676,12.330396405664878,,11.189431025153453,,10.702430190343064
14:22,21.244411005211074,9.01706128796036,9.65413730933531,9.532524887413967,7.912769578082843,,9.839823952524084,,10.096554589726804
14:23,24.40075084227259,14.24737788375461,10.30845839994193,20.318264874245536,10.291177299431457,,29.21045389354069,,9.203588860692696
14:24,19.436609277554904,15.630829479216173,9.175263336366246,21.940919427236864,11.137417648404858,,31.06265119010825,,12.853635733227387
14:25,16.222871714547534,12.514011605329975,9.459505140333716,18.134832893150683,10.663566525401652,,24.17771708920909,,12.638369406296055
14:26,19.960151291594293,11.625215544596724,10.938290066702995,14.936485547840006,10.049413125484824,,10.005889229390526,,10.703393299556922
14:27,19.021197345001703,10.20716323225998,10.225578961807818,8.722637842848918,29.544397205730906,,13.982068073220308,,10.133396801130738
14:28,15.979268078774238,10.053392565862199,10.362822145173585,9.318425491778822,28.54094930059557,,19.44795414208137,,12.318628022396275
14:29,14.461390028710932,9.889004626351431,9.043686736705702,7.863458175584498,10.260143405836653,,22.452936901902905,,9.711489276024217
14:30,14.870614952398572,9.475428365426724,10.337235486337725,8.976738341402182,11.479418652709146,,20.0676877508762,,10.38169793835928
14:31,19.608308931844853,11.250406427843693,10.56088412196157,8.551417371553091,11.014998486911683,,11.715333924320438,,11.272941839126705
14:32,22.431813299790694,11.271740636617162,9.92938276971434,8.985746409824099,16.453486475136508,,10.279349444395786,,11.195006606369944
14:33,17.565176753309373,9.112819210229805,12.675512296517512,8.7667791501022,15.79467473549234,,12.251768601070076,,24.38239204152592
14:34,21.30735393639561,9.699808202571155,12.103924746578414,12.051354803679404,14.52909136296325,,24.449997539621553,,22.61625975284891
14:35,21.75914808812223,10.32563827224093,13.127465542232438,10.900450344290064,14.197842485744092,,24.34111701636075,,23.600668433771816
14:36,22.091268755060977,7.6319547517876,9.203390509752367,11.480395064340485,8.085358906432871,,11.415752480125873,,8.009888419946934
14:37,21.29122802059571,7.518672485053463,7.79131761695885,12.646437945458525,11.769020022570555,,14.642856531286284,,18.33528076778028
14:38,22.193415725446588,9.194385401790958,10.134481620109304,8.545318528293723,13.481975177528698,,11.764502353478449,,15.6191475372911
14:39,21.704420692664584,7.8198586677339215,9.392046308135766,7.749570082161548,14.923955609745919,,11.88782073261678,,8.602845853020577
14:40,19.860598503485907,7.635135272213584,10.595674063228193,8.964611327324793,10.04233899028674,,12.207270161328724,,11.676079625313742
14:41,14.573418957271715,9.79896319451706,11.140960180792318,8.354194149996356,11.228103018579466,,13.222573993774185,,12.99053591802509
14:42,17.489152754278866,9.289482908554886,10.566169875282778,7.743534836935476,11.969095534611904,,10.358703063929706,,12.700236587363243
14:43,18.465922062116658,14.227625160522516,8.258140302150357,8.94602673094784,12.159057987600574,,11.820570281117293,,13.91822007298347
14:44,18.086047669750844,16.520796600421537,10.006885103725669,10.440255998417856,16.76638766128033,,9.848267799254511,,12.526427812828365
14:45,16.927854126040312,23.550456548564693,10.196603371343812,10.095952546070132,17.15630880378507,,12.992876433678315,,12.62651148130393
14:46,17.59684240140827,23.58825307930482,10.089318867412867,9.254134126837585,11.326795686372796,,11.913686522756086,,12.534194271737881
14:47,18.466647765295683,20.383120838187825,11.014441561725526,10.164450330481888,10.333726941428248,,12.112710653482974,,13.285534230570734
14:48,14.785098353860665,23.47755737977939,10.505319411493398,8.21193354845049,11.236071980085683,,9.796163922891788,,12.768071037585644
14:49,16.02858988651216,20.112104706598128,9.563148452959064,8.792678920793518,13.092711573779006,,11.196880634243627,,11.926281377696904
14:50,16.939710280137614,11.135310671463099,9.959033927587221,7.347007610812263,17.610565276986424,,12.398318854452267,,13.855087626031096
14:51,15.761883793797194,11.83804090633243,10.331557895190187,8.130750625198553,15.168703818086545,,11.336220595764413,,11.962552398875141
14:52,16.11331092800297,10.112861808525485,10.050861644240591,10.60372472883939,12.075258839530795,,9.933223083840074,,11.317423813343446
14:53,17.61413911819139,11.219596439749218,10.973647600805608,9.65523085236702,9.774535901173687,,10.005781323606532,,12.514219016948946
14:54,19.64431268416723,11.093616642390943,13.724351134479912,9.57122796131719,9.442762302199148,,10.990153239567077,,11.93516704952218
14:55,18.51016115936956,9.93428236692683,13.222927885873089,8.826824646118975,9.089084456093474,,9.948783635868926,,10.644031778419306
14:56,16.321873599942506,9.418724010138883,10.543735180783896,10.095436391632607,11.179979036205747,,9.435249317718108,,10.840243381146939
14:57,13.341370182006544,10.309898586027249,10.929145833313477,10.287167116931007,8.484977196247103,,10.387268975569725,,10.56663452117876
14:58,20.66727780514405,10.773613503215469,11.645193080194074,10.928021702638283,10.443618865125249,,9.815472877681444,,13.004122122907797
14:59,17.127882923394242,10.67083171449942,15.659002402771385,9.701122277216179,11.252106330594287,,11.495305404997584,,11.95721193203081
15:00,16.82130986650564,11.410212439594044,15.626004384385451,12.313975165437036,10.680910541709446,,9.71710862345379,,10.253669363533556
15:01,15.20666428056024,11.353263664397712,11.263974561257973,8.059583968791442,10.574473268008829,,11.368959957746062,,13.321595601691262
15:02,16.26358915773719,10.72563925833794,9.520549403133202,9.304198145192313,13.736275688543337,,10.781659726513972,,13.243248673066086
15:03,17.315320618602474,9.081611973744897,8.396819462352001,8.54229785269553,12.855302954909305,,8.472044162518669,,11.267382127184645
15:04,18.44809709586149,7.879970686546577,11.183664123585196,9.532421567340588,10.495061909258403,,9.48066453367062,,12.186619583584285
15:05,15.3620614766541,9.160023312379359,10.328220366428091,13.915944935127476,12.1802217797611,,10.583974349025668,,11.928352254188335
15:06,19.23388760213771,10.06268131306628,10.712658108518166,16.705313619474488,12.5780296010875,,10.222440949124305,,12.06865995564545
15:07,18.653238171181787,10.13247360490846,9.629716214665935,12.086383199872769,13.104918884080634,,10.434662363767854,,13.864265554835567
15:08,17.04474671636396,10.167920653539085,8.609321135645171,9.12740801560516,18.487298835394174,,10.581281256106623,,10.221376471844026
15:09,15.828572579226256,8.244667373773588,12.408634216746016,8.414519383680409,17.845339844527107,,11.962810710872535,,13.474884044027984
15:10,14.659025821003025,8.107088622773283,12.01801557818511,8.53561213265731,18.00349283241079,,11.114149975931582,,13.91969761779448
15:11,17.564679995187312,8.317764185264371,14.2485614222688,9.943201901927768,19.943968464801586,,11.795177377852356,,15.21293240963096
15:12,19.739343050428506,8.914232037169551,13.522911557026713,9.005805997614354,15.723346826190241,,11.548837400903174,,11.247392660819957
15:13,17.33908773671979,8.206101579008148,13.294239941606287,7.300337249629862,11.10618704259027,,11.977415618397536,,9.54792743107983
15:14,16.638074370250905,8.395876437027487,11.816961965927055,7.425874352278884,12.444376449156998,,12.255075649161315,,11.884559003527784
15:15,19.285831870507945,7.858644192331567,10.397664751840514,11.3904469064724,16.073945257647026,,10.697428161517763,,12.34105873615253
15:16,18.1198659539054,9.993664607723568,10.56863697455826,10.297115999961672,13.057110850031107,,11.713981407560228,,12.743088097899713
15:17,16.774787225426536,10.87215920750489,11.558241535624411,9.88347468631351,11.787645147568705,,13.120230720786381,,12.142859227065651
15:18,17.312568381333065,11.000854772660473,12.49047601758369,10.74523835919117,12.21135387832433,,13.379356397232517,,12.803518681401613
15:19,15.363477525178554,9.474140874638712,10.53233065672076,11.657016864854405,17.826503735075665,,13.239314775665948,,11.266865806610406
15:20,16.7835584228534,10.04154355042092,11.86354212580852,8.572221154451938,16.792960842393658,,12.019370563802411,,13.036708768735814
15:21,18.05333241975933,10.842242018105237,13.829303523225601,8.644088990701487,11.072172819166978,,10.855004606171294,,11.724217946555465
15:22,16.55898358897671,9.654138792939188,10.619309603657543,12.836356326855375,11.141278422866623,,12.257676782497027,,11.494755733594339
15:23,16.683498896114887,11.48025036475686,8.53030303047123,12.687500944170734,15.84799252862961,,12.924248608075185,,10.436229837885262
15:24,18.254140312314533,9.04951057608458,8.194837806001207,8.32222013147133,19.69658373773229,,11.383680044439346,,13.15566419915138
15:25,18.593653291065028,9.962799660905226,9.987292733560649,9.738885144315372,18.66260120814263,,11.918883695282318,,11.9340219191464
15:26,14.931022200717983,8.994512447412959,17.402727770501002,9.763227192293199,17.86919382683039,,10.126760212221543,,11.947174243135207
15:27,16.488037440697223,13.45632963670505,17.431367783754087,10.936980678147268,9.49877631921607,,11.126488219746903,,11.883801168327134
15:28,17.241564392720672,12.933166081661264,22.388638592393985,8.644049404310845,11.668495578372559,,11.419635045978193,,12.090146211550408
15:29,17.025729915826414,10.247266302125004,21.576175276988586,6.858285135513103,11.342973435310807,,12.121180927753425,,12.576802389054755
15:30,13.85180689176205,9.164476423942613,10.890297023994954,7.853363564157293,9.186947177245553,,14.16398966128541,,12.446085960219245
15:31,16.3067052606691,10.499066625181497,13.877037913402125,11.534636268828187,9.704994472349448,,12.476313349369946,,11.527635612409856
15:32,16.028528115259572,13.003670034840164,15.197225195601773,12.588495347108276,15.445346892349164,,11.623393818251474,,9.190002493652182
15:33,13.400991664954006,11.456270549172332,11.558272222561353,15.258298664169605,21.031504641846237,,12.195797325137596,,11.861274502029705
15:34,13.82253852785973,10.061301714365788,11.514669425527014,14.44495022418446,23.770773447923396,,10.706392974332358,,13.543831352624464
15:35,16.694209902563028,8.259286187881694,9.194122386521366,14.353763933634276,18.00239548585595,,11.392185941285955,,12.428596310525176
15:36,16.741207207068427,9.458630511116992,10.35483489627752,14.134175412217484,15.116690709968017,,10.610738688745158,,11.26960650285389
15:37,15.441886303303967,9.52052730179199,8.630111196898527,13.804333351192055,16.440086583561534,,11.946051714374088,,17.536507559825967
15:38,18.876918611097523,9.262352000616977,7.345230453611831,10.956618813910305,15.610571538223706,,10.645652501725763,,15.183125673204884
15:39,17.922512902771196,8.829979414377664,8.16542335348674,14.209892350929337,11.287609518663965,,11.276801870063455,,14.6469932921402
15:40,18.04787438430539,9.502315096201556,12.771032488931086,12.335718800837402,10.891950152520897,,11.573660874661341,,13.4096011740034
15:41,17.63091528986324,9.519942308780028,11.400475227667778,8.792147478953401,11.963575643907635,,11.446190937563756,,18.918698711526122
15:42,18.18730055732571,9.512881507899346,9.601742110809893,8.443333508109617,10.959024986094034,,11.255479614577368,,19.725140525481688
15:43,16.39371470322798,9.210986759480948,8.68292679390615,7.764081930863859,10.412929938102597,,10.698064515369124,,13.38074903701832
15:44,17.703782861415995,10.582925689327757,9.562507652502383,13.0749978489482,9.93575726333093,,11.25790132251567,,12.884338057793267
15:45,18.329133344669266,11.225237956831918,9.526119766856807,14.234549043026734,10.207202854071562,,13.586151995383632,,14.210304414842772
15:46,17.570038580753508,9.871833959764855,7.80024235066877,13.565179286043366,13.748720963238725,,11.788816822876385,,19.25153628880476
15:47,20.175294452622,15.615020296309789,10.034930036294886,11.982792023877408,11.625624311192926,,13.328671789291935,,17.421520426137707
15:48,20.009338470865714,14.792599571519988,7.859335412425151,12.879200710350778,17.726552470799273,,14.487013724942305,,19.877938344116565
15:49,18.940050928301822,9.94242823291507,8.258387308518534,13.895054294754186,22.35282461411011,,13.440696925910006,,19.090120331491715
15:50,20.33797181126558,11.557133664610213,9.122643816807347,16.88267720426276,29.23487831163033,,13.698399655616713,,18.000712471431978
15:51,15.907281007843547,12.230775476232074,6.941079519486383,15.708875493517455,27.52629179719213,,12.179307524273838,,16.451967080970388
15:52,18.550281304021606,11.442117669856104,7.319830584901996,7.585902117579688,15.684901378395722,,13.515614523117328,,14.508362764425444
15:53,19.35538739871064,11.07626634031823,9.05633615095899,7.426608025931713,14.528479718011331,,11.223824084657302,,17.385136686381465
15:54,20.934619814337047,11.777315258050113,7.227501837599213,7.861259507335111,12.739054084127805,,11.611956593851874,,12.05593173936244
15:55,18.99521736681368,11.352513190001881,11.378346142454095,9.663129237812496,11.744053659370206,,13.633502373901091,,15.144941176154056
15:56,18.51235975076291,12.077357387207408,11.951433273531116,10.526999166824957,8.867863445234898,,24.811863362949317,,12.866126149052533
15:57,17.204180769147364,14.330644793879072,10.74006272774202,8.619102119952325,12.6678510411198,,30.042223038652892,,17.706043371544077
15:58,17.17507055116514,14.583728304175171,10.669833229523006,9.373830815982688,15.35351808897014,,41.46804863134588,,17.94693919760414
15:59,16.348818557595123,14.464127771403986,10.945520820941628,9.738118374674167,13.430064473815207,,35.1057787340038,,11.453479002032529
16:00,17.874371215630678,14.151725491084118,8.324322857846559,20.27553259164849,14.745887491659046,,38.44225267365324,,11.420615291911087
16:01,18.34076026175488,11.842000728339784,10.311016964069713,27.463462925008802,14.624764777310665,,26.413703011331698,,10.893273775209485
16:02,26.485716718717786,11.44131225173348,12.25875376006876,24.668300297818114,16.50533925608115,,26.429825107411013,,17.038171682162186
16:03,34.059709656352034,13.796893540002642,11.898726341153774,27.215242885421766,8.481282516518357,,29.557155586324054,,16.761081144897346
16:04,37.715467428275815,12.63063310797734,14.572313789054455,22.15348660482137,7.063444221541878,,26.88899705269797,,11.639620264245453
16:05,36.03701981123022,11.180634625324268,13.047560735472105,17.819249963756427,11.929164345383404,,18.659493031921674,,21.861704495246936
16:06,31.15896226910485,8.912200672860399,12.610146501594134,19.60139514592435,17.222494239003247,,25.96390279671953,,36.99097473680799
16:07,39.426848211540225,10.49331329744487,21.581741366642927,24.548444441128375,10.358847944108778,,21.91423524218904,,39.12674886267065
16:08,29.327463993172564,9.150412388247863,26.968355752236114,22.088324298427445,7.603055546675518,,22.812268206584953,,26.64558344618297
16:09,24.075912560586357,9.343649442045292,27.87414482058897,11.6307531015121,7.788242540843218,,37.224362626063396,,33.763394479388964
16:10,22.48141541501557,10.669685054708347,21.049105768317887,10.703024932622242,12.635828977884012,,14.589272564399273,,30.92681856011057
16:11,21.356676624848106,10.520176126337748,24.46301982712887,10.790065574599938,9.051483562792344,,21.712824443459677,,26.69712124579165
16:12,35.56672947169166,10.462820335597854,20.212081087186448,28.926941648314642,8.762396783747771,,9.379480845841096,,22.339488451413413
16:13,33.6693070772551,13.583821201617019,20.180255240271368,11.868264581086262,7.572864351034334,,18.21246133603766,,20.13413787110091
16:14,28.437150931923536,11.371573247576606,34.53953156348534,8.178794576780044,9.228754232695763,,19.24429662534245,,
16:15,27.48992028339661,23.403220743005296,38.67560806729481,10.57423849701087,15.896243348796803,,,,
16:16,27.85592760265159,21.15791223159789,21.083250979746925,8.672843632088997,14.33348964909918,,,,
16:17,27.341703723433184,18.70738679862405,20.92079838840605,8.158442712920158,8.029819716998633,,,,
16:18,23.105335952527646,15.695644499350767,16.83150550616809,10.29326104384158,12.833843239328845,,,,
16:19,30.246615237631694,22.616750567886623,16.670576530972163,13.176418764532848,5.731312795003138,,,,
16:20,38.86995967458889,18.515828912379266,19.426617331318894,17.221263337441304,11.50383518476918,,,,
16:21,16.491785865747428,17.647213292165045,14.096055594858205,14.751997569538396,,,,,
16:22,18.175240355471693,13.612540863115893,14.034606688319887,,,,,,
16:23,20.268996144049662,8.737501877682202,27.82933730047005,,,,,,
16:24,21.24826225737845,6.6022639346287875,12.877373385613232,,,,,,
16:25,18.19927720061981,6.95353964119474,18.79929792849102,,,,,,
16:26,19.020908739354,6.015724360651287,29.41851472004209,,,,,,
16:27,16.57836081751852,7.845271432791008,19.295668056047365,,,,,,
16:28,17.888514442466523,8.068640587949124,18.62391072038398,,,,,,
16:29,16.583861554610856,7.0449096206055035,,,,,,,
16:30,,7.014309815477215,,,,,,,
16:31,,7.466881704957789,,,,,,,
16:32,,7.9859421407245375,,,,,,,
16:33,,8.659281027698931,,,,,,,
16:34,,7.391800250108224,,,,,,,
16:35,,8.251027997821444,,,,,,,
16:36,,9.271917783015553,,,,,,,
16:37,,8.601007420403342,,,,,,,
16:38,,9.010219747366506,,,,,,,
16:39,,7.932755701572645,,,,,,,
16:40,,7.483362344505755,,,,,,,
16:41,,8.31772811780156,,,,,,,
16:42,,9.260340841459346,,,,,,,
16:43,,8.642813368149671,,,,,,,
16:44,,9.334089822392967,,,,,,,
16:45,,7.864645540592829,,,,,,,
16:46,,9.620574848555917,,,,,,,
16:47,,14.606085454072444,,,,,,,
16:48,,12.330601097979775,,,,,,,
16:49,,9.877266248394172,,,,,,,
16:50,,9.93714891937488,,,,,,,
16:51,,6.805905523881448,,,,,,,
16:52,,8.082168000192357,,,,,,,
16:53,,6.812950826061593,,,,,,,
16:54,,8.048109444148977,,,,,,,
16:55,,7.747801838801334,,,,,,,
16:56,,9.718951632420715,,,,,,,
16:57,,13.396750227822665,,,,,,,
16:58,,26.766233343446608,,,,,,,
16:59,,14.390987938781919,,,,,,,
17:00,,19.728592195085792,,,,,,,
17:01,,17.308714237102265,,,,,,,
17:02,,13.945316007235787,,,,,,,
17:03,,21.3447667766598,,,,,,,
17:04,,18.738098028037246,,,,,,,
17:05,,11.937376919086258,,,,,,,
17:06,,16.205564566428002,,,,,,,
17:07,,13.846085450107068,,,,,,,
17:08,,18.81993107663168,,,,,,,
17:09,,20.32882025136973,,,,,,,
18:15,,,,,,0.0,,,
18:16,,,,,,26.49759169481257,,,
18:17,,,,,,14.954505609375165,,,
18:18,,,,,,11.095778969387412,,,
18:19,,,,,,27.058687144796963,,,
18:20,,,,,,28.268940746648077,,,
18:21,,,,,,16.69746133710651,,,
18:22,,,,,,20.564749231087166,,,
18:23,,,,,,20.86976848118669,,,
18:24,,,,,,9.682732321423194,,,
18:25,,,,,,11.356800436119027,,,
18:26,,,,,,12.972504034977211,,,
18:27,,,,,,10.956803109255912,,0.0,
18:28,,,,,,11.335393846083749,,23.11307054911427,
18:29,,,,,,11.826950993035636,,17.050006735702482,
18:30,,,,,,10.48064513261628,,17.005182573997846,
18:31,,,,,,11.767581571489814,,14.21935542667107,
18:32,,,,,,13.164038787070632,,10.987429867997642,
18:33,,,,,,10.703838583268467,,11.684720970851922,
18:34,,,,,,10.293250898647132,,12.255396409167405,
18:35,,,,,,11.688235337830086,,13.823140678918328,
18:36,,,,,,11.113604580460533,,15.601654743301005,
18:37,,,,,,20.12671910359461,,14.133986300757474,
18:38,,,,,,20.673010006003803,,15.913774186350851,
18:39,,,,,,11.042971959010849,,10.790800866169915,
18:40,,,,,,11.971695590537708,,11.541826563272672,
18:41,,,,,,10.815991103068953,,16.315477202771813,
18:42,,,,,,9.597838488213547,,14.83296481869016,
18:43,,,,,,9.954576653688827,,11.740026330003127,
18:44,,,,,,9.810745756142428,,10.823366288382742,
18:45,,,,,,10.670768872641434,,13.106976533669643,
18:46,,,,,,10.538343481464883,,14.999774546916811,
18:47,,,,,,10.732122877526765,,12.313728195933724,
18:48,,,,,,10.939720988786688,,14.838570534954956,
18:49,,,,,,9.99284189119892,,12.150581197518909,
18:50,,,,,,10.65418286402106,,9.96296449147207,
18:51,,,,,,13.528326262266646,,11.302552371219814,
18:52,,,,,,10.200468866878946,,11.519979315845148,
18:53,,,,,,10.90562405080516,,9.871983109833268,
18:54,,,,,,9.886872820395064,,12.926039851787555,
18:55,,,,,,10.010487547442432,,12.202651457948255,
18:56,,,,,,12.341943348800463,,9.466610319301203,
18:57,,,,,,12.35891511470566,,11.905021677671714,
18:58,,,,,,9.826668459902027,,12.240750611005573,
18:59,,,,,,9.753568924800467,,10.597661495191598,
19:00,,,,,,9.367654900418426,,9.54319551980188,
19:01,,,,,,10.145731322211327,,12.542214592128458,
19:02,,,,,,11.406184406204087,,12.738355180647671,
19:03,,,,,,8.497929128862317,,12.731663325805734,
19:04,,,,,,10.932712333100755,,15.102890003516988,
19:05,,,,,,9.888323290629208,,12.655164253839883,
19:06,,,,,,10.073838720294264,,12.486893733197489,
19:07,,,,,,10.39211479921195,,11.446065371995742,
19:08,,,,,,12.791578955996794,,9.280433493826317,
19:09,,,,,,13.656735841853525,,9.90247840925863,
19:10,,,,,,11.276825609777484,,12.460816711797024,
19:11,,,,,,9.467922213541186,,12.503731942904086,
19:12,,,,,,10.562502144970196,,12.489084400654304,
19:13,,,,,,10.064167434310367,,12.92198072810434,
19:14,,,,,,11.04032070412812,,11.935139229916842,
19:15,,,,,,10.949134740357339,,11.619274822287032,
19:16,,,,,,10.658591116246713,,10.231681038568393,
19:17,,,,,,9.079265411731653,,11.88114246838942,
19:18,,,,,,9.748363057029968,,12.018023400640113,
19:19,,,,,,10.752094684486678,,10.341569583884901,
19:20,,,,,,11.159481651455264,,10.73269253554298,
19:21,,,,,,12.17336744701317,,11.589070596543396,
19:22,,,,,,12.351800518210561,,12.932585076883635,
19:23,,,,,,10.541765496901675,,13.699344399611487,
19:24,,,,,,8.836605123245391,,12.076527163606816,
19:25,,,,,,10.424063607026453,,11.821973493950436,
19:26,,,,,,19.794719347909428,,10.520710552088834,
19:27,,,,,,19.983368319054726,,12.542475292315045,
19:28,,,,,,20.490542317839388,,11.725457658090225,
19:29,,,,,,19.66859309067801,,13.695548071514578,
19:30,,,,,,20.519676900579274,,13.115106310726828,
19:31,,,,,,19.272658607251536,,12.548584353258073,
19:32,,,,,,16.41630626719462,,11.986264187254784,
19:33,,,,,,13.467211938476105,,10.93568527802442,
19:34,,,,,,11.56968727069434,,11.720987764120679,
19:35,,,,,,13.557453189267026,,11.07927083284365,
19:36,,,,,,14.011936708124967,,11.163718905081167,
19:37,,,,,,11.470376587649596,,11.749217926100444,
19:38,,,,,,12.663262604544954,,11.652237826021516,
19:39,,,,,,8.173541026792897,,10.284667036013694,
19:40,,,,,,10.84644183688058,,11.752048092779402,
19:41,,,,,,11.672809796345804,,11.655528619321963,
19:42,,,,,,11.638505237643995,,13.172948389439373,
19:43,,,,,,11.348173563581351,,11.551943920108569,
19:44,,,,,,8.537695275951233,,9.888355946937457,
19:45,,,,,,11.088492275214877,,11.06666367030582,
19:46,,,,,,8.824490011232001,,11.185845268686672,
19:47,,,,,,10.635334141044495,,12.606535073623526,
19:48,,,,,,10.069249806547989,,14.09825886856246,
19:49,,,,,,8.244922458954157,,14.146670286973304,
19:50,,,,,,10.439537600511816,,12.995424795865658,
19:51,,,,,,13.075263361751714,,13.718182562296656,
19:52,,,,,,10.94958943769887,,15.529872172284612,
19:53,,,,,,9.082455271015652,,13.028240599750989,
19:54,,,,,,10.1747195139473,,11.352408770645695,
19:55,,,,,,10.91459620951076,,10.07897251604382,
19:56,,,,,,12.58394434222964,,11.298671681699286,
19:57,,,,,,9.633703478327186,,13.068614139258734,
19:58,,,,,,11.389093238342845,,11.65181895224232,
19:59,,,,,,9.891365026291027,,13.502475853215465,
20:00,,,,,,9.79547216830307,,27.16968448856801,
20:01,,,,,,9.114642980757207,,26.405871417404494,
20:02,,,,,,9.446139836594627,,16.320868048427037,
20:03,,,,,,11.192109246026863,,14.837373999043765,
20:04,,,,,,10.662298430099394,,21.75956671788297,
20:05,,,,,,8.981922904506584,,23.633948151088372,
20:06,,,,,,10.822685087352399,,21.02364124374827,
20:07,,,,,,9.928101819037042,,33.15863616138838,
20:08,,,,,,9.860620992319227,,24.259224190672985,
20:09,,,,,,8.743057900891046,,19.610343053794335,
20:10,,,,,,11.6729008194907,,24.574422032454123,
20:11,,,,,,10.549930884449747,,23.85648339550488,
20:12,,,,,,10.335869001725655,,22.713907656800647,
20:13,,,,,,9.570457310128916,,26.12027591857521,
20:14,,,,,,10.017625118801028,,31.345644409351358,
20:15,,,,,,8.609789577132533,,31.27408063030524,
20:16,,,,,,7.4970884279054175,,16.43361159648623,
20:17,,,,,,9.42401459260684,,11.981986588382025,
20:18,,,,,,9.903738614365118,,12.390175333370655,
20:19,,,,,,9.909568503051316,,11.330515029482699,
20:20,,,,,,12.022296148718846,,11.837132518055204,
20:21,,,,,,11.505005839850755,,11.04040024183906,
20:22,,,,,,11.780863300461755,,10.4720374191622,
20:23,,,,,,8.277513213520109,,12.113344806280107,
20:24,,,,,,9.843261760378688,,11.632648715827074,
20:25,,,,,,9.20392030377998,,10.463001730303466,
20:26,,,,,,9.46632295627505,,9.177957799804922,
20:27,,,,,,10.857044803951027,,11.313696644812136,
20:28,,,,,,9.321708171208037,,11.783679700826335,
20:29,,,,,,11.561378909613971,,9.30254742216704,
20:30,,,,,,24.18033404830256,,9.624477989091153,
20:31,,,,,,25.692851612040524,,12.108012434093661,
20:32,,,,,,23.956393968608182,,9.954807438912788,
20:33,,,,,,17.140930652850606,,9.935427876208117,
20:34,,,,,,13.491704472872705,,11.574214471185506,
20:35,,,,,,13.72045708817069,,11.7181283612899,
20:36,,,,,,12.412160284038661,,12.122507840961234,
20:37,,,,,,14.164289383869562,,13.311644064815335,
20:38,,,,,,11.444544506372162,,10.731848701994453,
20:39,,,,,,12.123696686826449,,12.686909961649446,
20:40,,,,,,11.42111909833416,,11.447930034872387,
20:41,,,,,,9.440390258308533,,12.081942513347485,
20:42,,,,,,11.216529538847267,,10.553517087524265,
20:43,,,,,,9.541298146085783,,12.578171878794633,
20:44,,,,,,10.43494834079211,,11.63432663500557,
20:45,,,,,,10.813211392782442,,11.476023987535925,
20:46,,,,,,8.986074875420671,,12.169318318350186,
20:47,,,,,,9.21871494343617,,11.129192234464576,
20:48,,,,,,9.409030652118208,,11.78731680663585,
20:49,,,,,,9.092533251932599,,13.455171810032748,
20:50,,,,,,10.71481098662812,,10.687546856622431,
20:51,,,,,,9.832589413950595,,11.938384849404885,
20:52,,,,,,9.227696111209633,,13.360385376022403,
20:53,,,,,,9.811801169382717,,12.525083998387661,
20:54,,,,,,10.78524380133183,,10.646062089844929,
20:55,,,,,,10.123408851312552,,11.149933505967647,
20:56,,,,,,11.072582810896773,,12.847740438497349,
20:57,,,,,,13.138442838035767,,11.566625255089171,
20:58,,,,,,11.794461072010314,,12.946760574560725,
20:59,,,,,,8.875371676489573,,11.51327573843199,
21:00,,,,,,9.481524551067725,,12.315161450931125,
21:01,,,,,,10.321070655661973,,11.779136481508312,
21:02,,,,,,11.338855440842929,,11.461364084028855,
21:03,,,,,,11.389258691489394,,9.706242273016883,
21:04,,,,,,12.780482862063547,,10.873122371433455,
21:05,,,,,,12.623105179590326,,12.367209058467207,
21:06,,,,,,11.224492309417236,,12.816050930701444,
21:07,,,,,,9.824351176625694,,12.053746824120704,
21:08,,,,,,10.935184778769553,,11.336021081417119,
21:09,,,,,,11.161667452155166,,10.481179611172909,
21:10,,,,,,9.463415631613497,,11.644080890807428,
21:11,,,,,,10.849342145955212,,11.137062701852763,
21:12,,,,,,11.305037801241536,,12.239830153539712,
21:13,,,,,,10.265581272103722,,11.424395589410114,
21:14,,,,,,11.595421644985572,,11.354711577138364,
21:15,,,,,,10.562858327255302,,11.1925276179765,
21:16,,,,,,10.565641372115877,,9.961843035636864,
21:17,,,,,,11.824053146552579,,12.497036940477798,
21:18,,,,,,9.952761970093192,,13.557388130339366,
21:19,,,,,,10.900594713324898,,12.806510896968256,
21:20,,,,,,10.917628543820005,,12.067607662146628,
21:21,,,,,,12.353843721186536,,10.310288045604416,
21:22,,,,,,11.195411867144506,,12.014519232821321,
21:23,,,,,,9.231528008677651,,22.940969969140358,
21:24,,,,,,10.140215419309397,,34.1513017992482,
21:25,,,,,,11.335804540628484,,38.89004946507311,
21:26,,,,,,10.077117824350044,,28.0008510752352,
21:27,,,,,,12.559485459205725,,15.427921302922394,
21:28,,,,,,15.276751212354233,,14.353985146409107,
21:29,,,,,,29.428414574607988,,23.34965546676581,
21:30,,,,,,33.66155920674452,,,
21:31,,,,,,18.80505051841127,,,
21:32,,,,,,12.767840581907342,,,
21:33,,,,,,12.268390914256036,,,
