dtm,temperature,humidity,co2,light,noise,bluetooth_devices,bluetooth_non_personal_devices,count_total
2017-03-25 09:05:00,22.6,36.9,781.0,430.0,511.0,1.0,,
2017-03-25 09:06:00,23.8,39.0,767.0,448.0,510.0,8.0,,
2017-03-25 09:07:00,23.9,39.0,787.0,438.0,511.0,18.0,,15.0
2017-03-25 09:08:00,23.9,38.8,761.0,421.0,509.0,25.0,,30.0
2017-03-25 09:09:00,24.0,38.8,792.0,441.0,500.0,37.0,,30.0
2017-03-25 09:10:00,24.0,38.8,792.0,454.0,501.0,38.0,,30.0
2017-03-25 09:11:00,24.1,38.7,784.0,453.0,509.0,39.0,,30.0
2017-03-25 09:12:00,24.1,38.6,809.0,329.0,511.0,43.0,,30.0
2017-03-25 09:13:00,24.1,38.8,801.0,402.0,512.0,43.0,,30.0
2017-03-25 09:14:00,24.2,38.6,806.0,411.0,498.0,45.0,,30.0
2017-03-25 09:15:00,24.2,38.5,793.0,408.0,509.0,47.0,,30.0
2017-03-25 09:16:00,24.2,38.4,785.0,371.0,505.0,48.0,,30.0
2017-03-25 09:17:00,24.2,38.3,831.0,362.0,522.0,48.0,,30.0
2017-03-25 09:18:00,24.3,38.3,835.0,383.0,510.0,52.0,,30.0
2017-03-25 09:19:00,24.3,38.3,826.0,416.0,507.0,52.0,,30.0
2017-03-25 09:20:00,24.3,38.2,838.0,410.0,483.0,53.0,,30.0
2017-03-25 09:21:00,24.4,38.2,827.0,409.0,503.0,54.0,,30.0
2017-03-25 09:22:00,24.4,38.1,847.0,412.0,503.0,57.0,,30.0
2017-03-25 09:23:00,24.4,38.1,819.0,417.0,507.0,59.0,,30.0
2017-03-25 09:24:00,24.5,38.0,858.0,418.0,495.0,60.0,,30.0
2017-03-25 09:25:00,24.5,38.0,850.0,400.0,502.0,60.0,,30.0
2017-03-25 09:26:00,24.5,37.9,840.0,416.0,511.0,61.0,,30.0
2017-03-25 09:27:00,24.6,37.9,887.0,339.0,500.0,63.0,,30.0
2017-03-25 09:28:00,24.6,37.8,856.0,339.0,515.0,63.0,,30.0
2017-03-25 09:29:00,24.6,37.9,882.0,341.0,507.0,64.0,,30.0
2017-03-25 09:30:00,24.6,37.7,887.0,350.0,500.0,65.0,,30.0
2017-03-25 09:31:00,24.7,37.8,916.0,318.0,536.0,67.0,,30.0
2017-03-25 09:32:00,24.8,37.9,925.0,342.0,501.0,69.0,,30.0
2017-03-25 09:33:00,24.8,37.8,946.0,342.0,494.0,70.0,,30.0
2017-03-25 09:35:00,24.8,37.8,952.0,354.0,500.0,73.0,,30.0
2017-03-25 09:36:00,24.9,37.8,938.0,360.0,501.0,74.0,,30.0
2017-03-25 09:37:00,24.9,38.0,956.0,364.0,508.0,77.0,,30.0
2017-03-25 09:38:00,24.9,37.7,950.0,357.0,513.0,80.0,,30.0
2017-03-25 09:39:00,24.9,37.4,918.0,361.0,502.0,80.0,,30.0
2017-03-25 09:40:00,24.9,37.6,961.0,363.0,500.0,84.0,,30.0
2017-03-25 10:33:00,25.8,37.5,1178.0,444.0,500.0,0.0,,30.0
2017-03-25 10:34:00,25.9,37.6,1145.0,440.0,500.0,27.0,,30.0
2017-03-25 10:35:00,25.8,37.7,1142.0,443.0,491.0,32.0,,30.0
2017-03-25 10:36:00,25.9,37.6,1214.0,434.0,507.0,39.0,,30.0
2017-03-25 10:37:00,25.9,37.6,1182.0,441.0,504.0,42.0,,30.0
2017-03-25 10:38:00,25.9,37.7,1233.0,436.0,498.0,44.0,,30.0
2017-03-25 10:39:00,25.9,37.5,1157.0,442.0,507.0,47.0,,30.0
2017-03-25 10:40:00,25.9,37.6,1195.0,424.0,497.0,48.0,,30.0
2017-03-25 10:41:00,25.9,37.5,1256.0,437.0,498.0,52.0,,30.0
2017-03-25 10:42:00,25.9,37.7,1217.0,437.0,480.0,57.0,,30.0
2017-03-25 10:43:00,26.0,37.8,1239.0,433.0,500.0,58.0,,30.0
2017-03-25 10:44:00,26.0,37.5,1210.0,451.0,507.0,61.0,,30.0
2017-03-25 10:45:00,26.0,37.6,1189.0,448.0,494.0,63.0,,30.0
2017-03-25 10:46:00,26.0,37.4,1193.0,446.0,516.0,67.0,,30.0
2017-03-25 10:47:00,26.0,37.4,1215.0,433.0,504.0,69.0,,30.0
2017-03-25 10:48:00,26.0,37.6,1269.0,434.0,504.0,73.0,,30.0
2017-03-25 10:49:00,26.0,37.5,1189.0,452.0,511.0,74.0,,30.0
2017-03-25 10:50:00,26.1,37.6,1215.0,444.0,486.0,79.0,,30.0
2017-03-25 10:51:00,26.1,37.6,1266.0,450.0,512.0,82.0,,30.0
2017-03-25 10:52:00,26.1,37.4,1244.0,450.0,508.0,83.0,,30.0
2017-03-25 10:53:00,26.1,37.8,1234.0,462.0,504.0,87.0,,30.0
2017-03-25 10:54:00,26.1,37.5,1302.0,447.0,515.0,89.0,,30.0
2017-03-25 10:55:00,26.1,37.6,1266.0,447.0,497.0,90.0,,30.0
2017-03-25 10:56:00,26.1,37.7,1266.0,451.0,506.0,92.0,,30.0
2017-03-25 10:57:00,26.1,37.9,1248.0,457.0,509.0,92.0,,30.0
2017-03-25 10:58:00,26.1,37.8,1225.0,421.0,488.0,95.0,,30.0
2017-03-25 10:59:00,26.1,37.7,1277.0,441.0,504.0,96.0,,30.0
2017-03-25 11:00:00,26.1,37.7,1254.0,456.0,492.0,98.0,,30.0
2017-03-25 11:01:00,26.2,37.8,1258.0,445.0,502.0,100.0,,30.0
2017-03-25 11:02:00,26.2,37.9,1296.0,461.0,502.0,101.0,,30.0
2017-03-25 11:03:00,26.1,37.7,1248.0,453.0,490.0,101.0,,30.0
2017-03-25 11:04:00,26.2,37.9,1280.0,425.0,509.0,104.0,,30.0
2017-03-25 11:05:00,26.2,37.8,1267.0,463.0,509.0,106.0,,30.0
2017-03-25 11:06:00,26.2,37.7,1267.0,424.0,512.0,109.0,,30.0
2017-03-25 11:07:00,26.2,37.8,1222.0,442.0,505.0,111.0,,30.0
2017-03-25 11:08:00,26.2,37.8,1299.0,434.0,500.0,114.0,,30.0
2017-03-25 11:09:00,26.2,36.8,1280.0,444.0,500.0,117.0,,30.0
2017-03-25 11:10:00,26.2,37.9,1290.0,449.0,471.0,121.0,,30.0
2017-03-25 11:11:00,26.2,37.9,1238.0,444.0,505.0,124.0,,30.0
2017-03-25 11:12:00,26.2,37.8,1280.0,449.0,499.0,124.0,,30.0
2017-03-25 11:13:00,26.2,37.9,1280.0,445.0,500.0,128.0,,30.0
2017-03-25 11:14:00,26.3,37.8,1277.0,448.0,502.0,130.0,,30.0
2017-03-25 11:15:00,26.3,37.9,1286.0,461.0,505.0,130.0,,30.0
2017-03-25 11:16:00,26.3,37.9,1261.0,459.0,495.0,132.0,,30.0
2017-03-25 11:17:00,26.3,37.9,1290.0,454.0,432.0,133.0,,30.0
2017-03-25 11:18:00,26.3,37.7,1268.0,457.0,502.0,134.0,,30.0
2017-03-25 11:19:00,26.3,37.9,1265.0,457.0,517.0,135.0,,30.0
2017-03-25 11:20:00,26.3,37.9,1297.0,468.0,485.0,141.0,,30.0
2017-03-25 11:21:00,26.3,37.5,1281.0,459.0,496.0,141.0,,30.0
2017-03-25 11:22:00,26.4,37.9,1278.0,462.0,507.0,148.0,,30.0
2017-03-25 11:23:00,26.4,37.9,1294.0,435.0,510.0,151.0,,30.0
2017-03-25 11:24:00,26.4,37.6,1271.0,450.0,509.0,151.0,,30.0
2017-03-25 11:25:00,26.4,37.9,1223.0,447.0,504.0,153.0,,30.0
2017-03-25 11:26:00,26.4,37.8,1268.0,452.0,478.0,154.0,,30.0
2017-03-25 11:27:00,26.4,37.8,1327.0,456.0,499.0,155.0,,30.0
2017-03-25 11:28:00,26.4,37.9,1275.0,454.0,503.0,157.0,,30.0
2017-03-25 11:29:00,26.4,37.7,1255.0,445.0,507.0,158.0,,31.0
2017-03-25 11:30:00,26.4,37.8,1281.0,452.0,511.0,159.0,,31.0
2017-03-25 11:31:00,26.4,37.8,1297.0,465.0,506.0,159.0,,31.0
2017-03-25 11:32:00,26.4,37.7,1271.0,457.0,501.0,164.0,,31.0
2017-03-25 11:33:00,26.4,37.6,1333.0,451.0,517.0,164.0,,31.0
2017-03-25 11:34:00,26.4,37.8,1324.0,424.0,496.0,164.0,,31.0
2017-03-25 11:35:00,26.4,37.3,1292.0,460.0,493.0,167.0,,31.0
2017-03-25 11:36:00,26.4,37.7,1250.0,409.0,518.0,176.0,,30.0
2017-03-25 11:37:00,26.4,37.8,1328.0,460.0,505.0,176.0,,30.0
2017-03-25 11:38:00,26.5,37.8,1234.0,446.0,504.0,180.0,,30.0
2017-03-25 11:39:00,26.5,36.8,1269.0,453.0,515.0,180.0,,30.0
2017-03-25 11:40:00,26.5,37.8,1301.0,462.0,497.0,184.0,,29.0
2017-03-25 11:41:00,26.5,37.8,1331.0,457.0,493.0,184.0,,29.0
2017-03-25 11:42:00,26.5,37.7,1318.0,448.0,521.0,188.0,,29.0
2017-03-25 11:43:00,26.6,37.6,1295.0,461.0,517.0,191.0,,29.0
2017-03-25 11:44:00,26.6,37.7,1276.0,467.0,506.0,191.0,,29.0
2017-03-25 11:45:00,26.6,37.7,1263.0,465.0,516.0,191.0,,29.0
2017-03-25 11:46:00,26.6,37.7,1311.0,463.0,513.0,195.0,,29.0
2017-03-25 11:47:00,26.6,37.6,1305.0,465.0,506.0,197.0,,29.0
2017-03-25 11:48:00,26.6,37.6,1276.0,449.0,508.0,197.0,,29.0
2017-03-25 11:49:00,26.6,37.6,1289.0,458.0,508.0,198.0,,29.0
2017-03-25 11:50:00,26.6,37.6,1299.0,460.0,514.0,199.0,,31.0
2017-03-25 11:51:00,26.6,37.7,1293.0,370.0,505.0,204.0,,31.0
2017-03-25 11:52:00,26.6,37.6,1322.0,413.0,506.0,205.0,,31.0
2017-03-25 11:53:00,26.6,37.9,1349.0,377.0,510.0,208.0,,31.0
2017-03-25 11:54:00,26.6,37.8,1345.0,457.0,509.0,208.0,,31.0
2017-03-25 11:55:00,26.6,37.9,1329.0,447.0,492.0,212.0,,31.0
2017-03-25 11:56:00,26.6,37.8,1339.0,451.0,498.0,213.0,,31.0
2017-03-25 11:57:00,26.6,37.9,1289.0,464.0,511.0,216.0,,31.0
2017-03-25 11:58:00,26.7,38.2,1325.0,477.0,528.0,224.0,,30.0
2017-03-25 11:59:00,26.7,38.2,1319.0,471.0,515.0,224.0,,25.0
2017-03-25 12:00:00,26.7,37.7,1315.0,457.0,495.0,224.0,,17.0
2017-03-25 12:01:00,26.7,38.1,1332.0,472.0,505.0,224.0,,16.0
2017-03-25 12:02:00,26.7,38.0,1312.0,462.0,524.0,228.0,,16.0
2017-03-25 12:03:00,26.7,38.1,1267.0,367.0,492.0,233.0,,16.0
2017-03-25 12:04:00,26.6,37.7,1238.0,455.0,511.0,233.0,,16.0
2017-03-25 12:05:00,26.6,37.5,1272.0,461.0,512.0,233.0,,16.0
2017-03-25 12:06:00,26.5,37.2,1211.0,464.0,510.0,233.0,,16.0
2017-03-25 12:07:00,26.5,37.3,1167.0,446.0,502.0,237.0,,16.0
2017-03-25 12:08:00,26.5,37.1,1180.0,464.0,501.0,238.0,,16.0
2017-03-25 12:09:00,26.4,36.9,1138.0,452.0,510.0,239.0,,16.0
2017-03-25 12:10:00,26.3,36.9,1129.0,460.0,496.0,241.0,,16.0
2017-03-25 12:11:00,26.2,37.0,1154.0,456.0,492.0,242.0,,16.0
2017-03-25 12:12:00,26.2,37.0,1077.0,450.0,506.0,244.0,,16.0
2017-03-25 12:13:00,26.2,37.0,1147.0,457.0,501.0,244.0,,16.0
2017-03-25 12:14:00,26.1,36.9,1058.0,452.0,507.0,247.0,,16.0
2017-03-25 12:15:00,26.1,37.0,1094.0,464.0,516.0,249.0,,16.0
2017-03-25 12:16:00,26.1,37.0,1112.0,457.0,504.0,249.0,,16.0
2017-03-25 12:17:00,26.1,37.0,1085.0,461.0,515.0,249.0,,16.0
2017-03-25 12:18:00,26.1,36.9,1106.0,459.0,497.0,249.0,,16.0
2017-03-25 12:19:00,26.1,36.9,1060.0,462.0,509.0,249.0,,16.0
2017-03-25 12:20:00,26.1,36.8,1072.0,455.0,500.0,252.0,,16.0
2017-03-25 12:21:00,26.1,36.9,1108.0,452.0,509.0,255.0,,16.0
2017-03-25 12:22:00,26.1,36.8,1075.0,457.0,505.0,255.0,,16.0
2017-03-25 12:23:00,26.0,36.8,1096.0,467.0,511.0,255.0,,16.0
2017-03-25 12:24:00,25.9,36.9,1050.0,454.0,513.0,257.0,,16.0
2017-03-25 12:25:00,26.0,37.0,1056.0,470.0,519.0,258.0,,16.0
2017-03-25 12:26:00,25.9,36.9,1047.0,454.0,483.0,258.0,,16.0
2017-03-25 12:27:00,25.9,37.0,1062.0,455.0,482.0,258.0,,16.0
2017-03-25 12:28:00,25.9,37.0,1038.0,454.0,504.0,260.0,,16.0
2017-03-25 12:29:00,25.9,36.9,1017.0,459.0,507.0,263.0,,16.0
2017-03-25 12:30:00,25.9,36.9,1028.0,458.0,505.0,263.0,,16.0
2017-03-25 12:31:00,25.9,37.0,1052.0,449.0,524.0,264.0,,16.0
2017-03-25 12:32:00,25.9,37.0,1065.0,426.0,504.0,270.0,,16.0
2017-03-25 12:33:00,25.9,37.0,1083.0,444.0,508.0,271.0,,16.0
2017-03-25 12:34:00,25.8,37.0,1077.0,461.0,500.0,273.0,,16.0
2017-03-25 12:35:00,25.8,36.2,1070.0,453.0,494.0,274.0,,16.0
2017-03-25 12:36:00,25.8,37.1,1064.0,457.0,513.0,275.0,,16.0
2017-03-25 12:37:00,25.8,36.3,1091.0,440.0,510.0,280.0,,16.0
2017-03-25 12:38:00,25.8,37.2,1103.0,460.0,506.0,284.0,,16.0
2017-03-25 12:39:00,25.8,37.2,1100.0,456.0,504.0,286.0,,16.0
2017-03-25 12:40:00,25.8,37.4,1109.0,463.0,511.0,288.0,,16.0
2017-03-25 12:41:00,25.8,37.4,1131.0,461.0,514.0,291.0,,16.0
2017-03-25 12:42:00,25.8,37.4,1144.0,467.0,516.0,293.0,,16.0
2017-03-25 12:43:00,25.8,37.5,1116.0,465.0,479.0,294.0,,16.0
2017-03-25 12:44:00,25.8,37.4,1122.0,467.0,520.0,297.0,,16.0
2017-03-25 12:45:00,25.8,37.9,1156.0,462.0,544.0,300.0,,16.0
2017-03-25 12:46:00,25.8,37.8,1191.0,455.0,503.0,304.0,,16.0
2017-03-25 12:47:00,25.8,37.7,1169.0,462.0,505.0,306.0,,16.0
2017-03-25 12:48:00,25.8,38.0,1147.0,464.0,512.0,309.0,,16.0
2017-03-25 12:49:00,25.8,38.0,1194.0,459.0,525.0,311.0,,16.0
2017-03-25 12:50:00,25.8,37.9,1175.0,460.0,493.0,313.0,,9.0
2017-03-25 12:51:00,25.8,38.0,1191.0,475.0,503.0,316.0,,14.0
2017-03-25 12:52:00,25.9,38.2,1148.0,470.0,506.0,322.0,,14.0
2017-03-25 12:53:00,25.9,37.2,1167.0,448.0,504.0,322.0,,14.0
2017-03-25 12:54:00,25.9,38.0,1167.0,462.0,504.0,323.0,,14.0
2017-03-25 12:55:00,25.9,38.2,1217.0,416.0,473.0,323.0,,14.0
2017-03-25 12:56:00,25.9,38.2,1167.0,459.0,507.0,328.0,,14.0
2017-03-25 12:57:00,25.9,38.2,1252.0,467.0,509.0,329.0,,14.0
2017-03-25 12:58:00,25.9,38.6,1236.0,463.0,504.0,329.0,,16.0
2017-03-25 12:59:00,26.0,38.5,1199.0,464.0,496.0,330.0,,22.0
2017-03-25 13:00:00,26.0,38.3,1266.0,474.0,505.0,332.0,,22.0
2017-03-25 13:01:00,26.1,37.5,1295.0,457.0,503.0,343.0,,21.0
2017-03-25 13:02:00,26.1,38.3,1279.0,472.0,500.0,344.0,,21.0
2017-03-25 13:03:00,26.2,38.5,1274.0,485.0,470.0,348.0,,21.0
2017-03-25 13:04:00,26.2,38.4,1299.0,488.0,505.0,351.0,,26.0
2017-03-25 13:05:00,26.2,38.8,1286.0,486.0,499.0,352.0,,30.0
2017-03-25 13:06:00,26.2,38.7,1329.0,496.0,508.0,354.0,,30.0
2017-03-25 13:07:00,26.2,39.0,1319.0,507.0,499.0,354.0,,30.0
2017-03-25 13:08:00,26.3,39.2,1312.0,499.0,495.0,364.0,,31.0
2017-03-25 13:09:00,26.3,39.0,1352.0,501.0,508.0,364.0,,31.0
2017-03-25 13:10:00,26.3,39.1,1340.0,360.0,466.0,365.0,,31.0
2017-03-25 13:11:00,26.3,39.1,1404.0,395.0,495.0,367.0,,31.0
2017-03-25 13:12:00,26.4,39.3,1380.0,489.0,507.0,368.0,,31.0
2017-03-25 13:13:00,26.4,39.2,1380.0,499.0,497.0,369.0,,31.0
2017-03-25 13:14:00,26.4,39.2,1370.0,502.0,505.0,370.0,,31.0
2017-03-25 13:15:00,26.4,39.2,1384.0,396.0,462.0,372.0,,31.0
2017-03-25 13:16:00,26.4,38.5,1347.0,368.0,513.0,375.0,,31.0
2017-03-25 13:17:00,26.5,39.4,1385.0,402.0,495.0,377.0,,31.0
2017-03-25 13:18:00,26.5,39.4,1378.0,364.0,504.0,378.0,,31.0
2017-03-25 13:19:00,26.5,39.3,1398.0,491.0,514.0,379.0,,31.0
2017-03-25 13:20:00,26.6,39.3,1398.0,485.0,520.0,381.0,,31.0
2017-03-25 13:21:00,26.6,39.4,1398.0,376.0,505.0,381.0,,31.0
2017-03-25 13:22:00,26.6,39.6,1385.0,487.0,433.0,382.0,,31.0
2017-03-25 13:23:00,26.6,39.6,1405.0,365.0,509.0,385.0,,31.0
2017-03-25 13:24:00,26.6,39.3,1442.0,460.0,511.0,387.0,,31.0
2017-03-25 13:25:00,26.7,38.7,1389.0,343.0,512.0,393.0,,31.0
2017-03-25 13:26:00,26.7,39.5,1402.0,359.0,504.0,393.0,,31.0
2017-03-25 13:27:00,26.7,39.5,1429.0,337.0,512.0,395.0,,31.0
2017-03-25 13:28:00,26.7,39.4,1429.0,344.0,516.0,396.0,,31.0
2017-03-25 13:29:00,26.7,39.3,1433.0,341.0,507.0,397.0,,31.0
2017-03-25 13:30:00,26.8,39.1,1447.0,469.0,509.0,400.0,,31.0
2017-03-25 13:31:00,26.8,39.3,1440.0,362.0,497.0,401.0,,30.0
2017-03-25 13:32:00,26.8,39.2,1468.0,336.0,498.0,402.0,,30.0
2017-03-25 13:33:00,26.8,38.6,1434.0,364.0,502.0,406.0,,30.0
2017-03-25 13:34:00,26.8,39.1,1423.0,371.0,514.0,408.0,,30.0
2017-03-25 13:35:00,26.8,38.3,1400.0,369.0,493.0,408.0,,30.0
2017-03-25 13:36:00,26.9,38.3,1434.0,456.0,502.0,410.0,,30.0
2017-03-25 13:37:00,26.9,39.0,1377.0,368.0,501.0,411.0,,30.0
2017-03-25 13:38:00,26.9,38.0,1441.0,511.0,514.0,413.0,,30.0
2017-03-25 13:39:00,26.9,37.9,1403.0,345.0,511.0,414.0,,30.0
2017-03-25 13:40:00,26.9,38.9,1427.0,348.0,518.0,415.0,,31.0
2017-03-25 13:41:00,26.9,39.3,1410.0,317.0,513.0,416.0,,31.0
2017-03-25 13:42:00,26.9,39.1,1444.0,337.0,503.0,418.0,,31.0
2017-03-25 13:43:00,26.9,38.8,1465.0,451.0,494.0,418.0,,31.0
2017-03-25 13:44:00,26.9,39.0,1469.0,321.0,490.0,421.0,,31.0
2017-03-25 13:45:00,26.9,38.9,1428.0,383.0,499.0,423.0,,31.0
2017-03-25 13:46:00,27.0,39.1,1438.0,318.0,512.0,425.0,,31.0
2017-03-25 13:47:00,27.0,39.1,1408.0,428.0,509.0,425.0,,31.0
2017-03-25 13:48:00,27.0,39.1,1463.0,341.0,511.0,429.0,,31.0
2017-03-25 13:49:00,27.0,39.1,1445.0,326.0,497.0,429.0,,31.0
2017-03-25 13:50:00,27.0,38.8,1431.0,475.0,508.0,429.0,,31.0
2017-03-25 13:51:00,27.0,38.8,1445.0,447.0,505.0,429.0,,31.0
2017-03-25 13:52:00,27.0,38.9,1490.0,360.0,473.0,430.0,,31.0
2017-03-25 13:53:00,27.0,39.0,1501.0,298.0,509.0,431.0,,31.0
2017-03-25 13:54:00,27.0,39.0,1421.0,347.0,512.0,432.0,,31.0
2017-03-25 13:55:00,27.0,37.9,1442.0,323.0,507.0,433.0,,31.0
2017-03-25 13:56:00,27.1,38.9,1490.0,343.0,517.0,436.0,,31.0
2017-03-25 13:57:00,27.1,38.8,1494.0,341.0,507.0,436.0,,31.0
2017-03-25 13:58:00,27.1,38.9,1431.0,339.0,504.0,438.0,,31.0
2017-03-25 13:59:00,27.1,38.8,1449.0,306.0,497.0,442.0,,31.0
2017-03-25 14:00:00,27.1,38.7,1415.0,377.0,507.0,445.0,,30.0
2017-03-25 14:01:00,27.1,38.5,1474.0,480.0,505.0,446.0,,30.0
2017-03-25 14:02:00,27.2,38.8,1474.0,363.0,510.0,449.0,,30.0
2017-03-25 14:03:00,27.2,38.0,1450.0,345.0,522.0,449.0,,30.0
2017-03-25 14:04:00,27.2,39.1,1474.0,343.0,512.0,449.0,,30.0
2017-03-25 14:05:00,27.3,38.6,1526.0,335.0,491.0,454.0,,31.0
2017-03-25 14:06:00,27.3,38.6,1551.0,325.0,508.0,454.0,,31.0
2017-03-25 14:07:00,27.3,38.8,1530.0,335.0,502.0,456.0,,31.0
2017-03-25 14:08:00,27.3,38.2,1495.0,486.0,486.0,456.0,,31.0
2017-03-25 14:09:00,27.4,38.6,1545.0,357.0,489.0,458.0,,31.0
2017-03-25 14:10:00,27.4,38.6,1471.0,476.0,510.0,458.0,,30.0
2017-03-25 14:11:00,27.4,38.8,1570.0,348.0,497.0,460.0,,30.0
2017-03-25 14:12:00,27.4,37.5,1506.0,339.0,505.0,462.0,,30.0
2017-03-25 14:13:00,27.4,38.5,1475.0,360.0,507.0,462.0,,30.0
2017-03-25 14:14:00,27.5,38.6,1451.0,325.0,498.0,464.0,,30.0
2017-03-25 14:15:00,27.5,38.5,1485.0,487.0,495.0,464.0,,30.0
2017-03-25 14:16:00,27.6,38.4,1510.0,396.0,515.0,469.0,,31.0
2017-03-25 14:17:00,27.8,37.7,1499.0,332.0,477.0,471.0,,31.0
2017-03-25 14:18:00,28.3,37.5,1524.0,378.0,529.0,475.0,,31.0
2017-03-25 14:19:00,28.3,37.4,1513.0,489.0,503.0,475.0,,31.0
2017-03-25 14:20:00,28.3,37.2,1503.0,327.0,488.0,478.0,,31.0
2017-03-25 14:21:00,28.1,37.5,1499.0,374.0,517.0,479.0,,31.0
2017-03-25 14:22:00,27.9,37.8,1506.0,364.0,513.0,480.0,,31.0
2017-03-25 14:23:00,27.8,38.0,1552.0,356.0,534.0,482.0,,31.0
2017-03-25 14:24:00,27.8,37.8,1527.0,350.0,492.0,484.0,,31.0
2017-03-25 14:25:00,27.8,38.0,1485.0,475.0,486.0,485.0,,31.0
2017-03-25 14:26:00,27.8,37.8,1521.0,376.0,502.0,486.0,,30.0
2017-03-25 14:27:00,27.8,38.2,1514.0,333.0,510.0,486.0,,30.0
2017-03-25 14:28:00,27.8,38.3,1517.0,339.0,500.0,486.0,,30.0
2017-03-25 14:29:00,27.8,38.1,1525.0,316.0,477.0,489.0,,30.0
2017-03-25 14:30:00,27.7,38.4,1500.0,342.0,489.0,491.0,,30.0
2017-03-25 14:31:00,27.7,38.4,1542.0,321.0,497.0,492.0,,30.0
2017-03-25 14:32:00,27.8,37.3,1500.0,384.0,498.0,495.0,,30.0
2017-03-25 14:33:00,28.1,38.0,1532.0,317.0,495.0,496.0,,30.0
2017-03-25 14:34:00,28.2,37.8,1490.0,330.0,500.0,496.0,,28.0
2017-03-25 14:35:00,28.4,38.1,1483.0,338.0,508.0,501.0,,24.0
2017-03-25 14:36:00,28.5,37.9,1539.0,351.0,496.0,504.0,,21.0
2017-03-25 14:37:00,28.6,37.3,1497.0,344.0,505.0,505.0,,23.0
2017-03-25 14:38:00,28.8,37.2,1483.0,341.0,496.0,508.0,,27.0
2017-03-25 14:39:00,28.8,37.0,1455.0,346.0,483.0,508.0,,29.0
2017-03-25 14:40:00,28.9,37.2,1528.0,395.0,505.0,509.0,,28.0
2017-03-25 14:41:00,28.9,36.5,1542.0,340.0,517.0,511.0,,28.0
2017-03-25 14:42:00,28.7,36.7,1504.0,336.0,508.0,512.0,,28.0
2017-03-25 14:43:00,28.5,36.9,1490.0,407.0,509.0,512.0,,28.0
2017-03-25 14:44:00,28.3,36.5,1550.0,347.0,507.0,513.0,,29.0
2017-03-25 14:45:00,28.2,37.5,1576.0,362.0,512.0,513.0,,31.0
2017-03-25 14:46:00,28.2,37.6,1568.0,335.0,507.0,515.0,,31.0
2017-03-25 14:47:00,28.1,37.9,1487.0,328.0,511.0,515.0,,31.0
2017-03-25 14:48:00,28.0,38.0,1508.0,341.0,513.0,516.0,,31.0
2017-03-25 14:49:00,28.0,36.8,1452.0,335.0,498.0,517.0,,31.0
2017-03-25 14:50:00,28.1,38.0,1519.0,386.0,504.0,519.0,,31.0
2017-03-25 14:51:00,28.3,36.9,1501.0,336.0,505.0,519.0,,31.0
2017-03-25 14:52:00,28.4,37.3,1519.0,333.0,507.0,519.0,,31.0
2017-03-25 14:53:00,28.3,37.2,1508.0,335.0,512.0,519.0,,31.0
2017-03-25 14:54:00,28.2,37.2,1481.0,419.0,497.0,523.0,,31.0
2017-03-25 14:55:00,28.2,37.5,1529.0,339.0,516.0,523.0,,31.0
2017-03-25 14:56:00,28.1,37.5,1481.0,485.0,497.0,523.0,,31.0
2017-03-25 14:57:00,28.0,36.4,1494.0,317.0,512.0,524.0,,31.0
2017-03-25 14:58:00,28.0,37.8,1445.0,328.0,507.0,526.0,,31.0
2017-03-25 14:59:00,28.0,37.6,1512.0,325.0,515.0,528.0,,31.0
2017-03-25 15:00:00,28.0,37.6,1536.0,348.0,499.0,528.0,,31.0
2017-03-25 15:01:00,28.0,37.8,1512.0,337.0,515.0,528.0,,31.0
2017-03-25 15:02:00,27.9,36.6,1526.0,340.0,497.0,529.0,,31.0
2017-03-25 15:03:00,27.9,37.8,1543.0,326.0,517.0,530.0,,31.0
2017-03-25 15:04:00,27.9,37.9,1474.0,324.0,511.0,531.0,,31.0
2017-03-25 15:05:00,27.9,37.7,1580.0,334.0,505.0,531.0,,31.0
2017-03-25 15:06:00,27.9,37.8,1551.0,342.0,513.0,532.0,,31.0
2017-03-25 15:07:00,28.0,37.7,1522.0,520.0,487.0,532.0,,31.0
2017-03-25 15:08:00,28.0,37.7,1498.0,508.0,497.0,532.0,,31.0
2017-03-25 15:09:00,28.0,37.8,1494.0,334.0,505.0,533.0,,31.0
2017-03-25 15:10:00,28.0,37.6,1501.0,363.0,502.0,534.0,,31.0
2017-03-25 15:11:00,28.1,37.8,1487.0,335.0,508.0,534.0,,31.0
2017-03-25 15:12:00,28.2,37.5,1515.0,304.0,516.0,534.0,,31.0
2017-03-25 15:13:00,28.5,37.5,1515.0,324.0,502.0,537.0,,31.0
2017-03-25 15:14:00,28.6,36.5,1515.0,335.0,495.0,538.0,,31.0
2017-03-25 15:15:00,28.5,36.3,1484.0,345.0,504.0,538.0,,31.0
2017-03-25 15:16:00,28.4,35.5,1460.0,340.0,509.0,538.0,,31.0
2017-03-25 15:17:00,28.3,36.7,1467.0,510.0,505.0,538.0,,31.0
2017-03-25 15:18:00,28.3,36.7,1498.0,493.0,493.0,538.0,,31.0
2017-03-25 15:19:00,28.3,36.9,1481.0,369.0,494.0,540.0,,31.0
2017-03-25 15:20:00,28.2,37.1,1477.0,366.0,518.0,540.0,,31.0
2017-03-25 15:21:00,28.2,36.9,1516.0,360.0,493.0,540.0,,31.0
2017-03-25 15:22:00,28.2,36.4,1526.0,352.0,501.0,543.0,,31.0
2017-03-25 15:23:00,28.1,36.3,1512.0,323.0,501.0,544.0,,31.0
2017-03-25 15:24:00,28.1,37.4,1522.0,362.0,510.0,545.0,,31.0
2017-03-25 15:25:00,28.1,36.4,1498.0,330.0,507.0,546.0,,31.0
2017-03-25 15:26:00,28.0,37.4,1481.0,326.0,512.0,547.0,,31.0
2017-03-25 15:27:00,28.0,37.6,1474.0,353.0,503.0,547.0,,31.0
2017-03-25 15:28:00,28.3,37.4,1515.0,337.0,513.0,547.0,,31.0
2017-03-25 15:29:00,28.6,36.8,1467.0,359.0,495.0,547.0,,31.0
2017-03-25 15:30:00,28.8,36.8,1547.0,509.0,506.0,547.0,,31.0
2017-03-25 15:31:00,28.9,36.0,1505.0,364.0,510.0,548.0,,31.0
2017-03-25 15:32:00,29.1,36.2,1516.0,377.0,515.0,548.0,,31.0
2017-03-25 15:33:00,29.1,36.2,1523.0,346.0,502.0,549.0,,31.0
2017-03-25 15:34:00,29.0,35.9,1498.0,488.0,517.0,549.0,,31.0
2017-03-25 15:35:00,29.2,35.8,1481.0,353.0,506.0,550.0,,31.0
2017-03-25 15:36:00,29.3,35.8,1484.0,381.0,502.0,552.0,,30.0
2017-03-25 15:37:00,29.3,35.5,1505.0,410.0,502.0,552.0,,30.0
2017-03-25 15:38:00,29.4,35.4,1516.0,421.0,510.0,554.0,,31.0
2017-03-25 15:39:00,29.4,35.5,1502.0,400.0,508.0,556.0,,31.0
2017-03-25 15:40:00,29.2,35.5,1499.0,354.0,508.0,557.0,,31.0
2017-03-25 15:41:00,28.9,36.0,1485.0,344.0,509.0,557.0,,31.0
2017-03-25 15:42:00,28.8,35.2,1506.0,344.0,481.0,559.0,,31.0
2017-03-25 15:43:00,28.7,36.1,1488.0,369.0,503.0,559.0,,31.0
2017-03-25 15:44:00,28.6,36.6,1495.0,481.0,509.0,559.0,,31.0
2017-03-25 15:45:00,28.5,36.4,1492.0,362.0,508.0,560.0,,31.0
2017-03-25 15:46:00,28.4,35.6,1513.0,337.0,494.0,560.0,,31.0
2017-03-25 15:47:00,28.4,36.4,1506.0,361.0,506.0,560.0,,31.0
2017-03-25 15:48:00,28.4,36.9,1482.0,523.0,497.0,561.0,,31.0
2017-03-25 15:49:00,28.3,36.8,1502.0,386.0,498.0,561.0,,31.0
2017-03-25 15:50:00,28.3,37.0,1530.0,355.0,500.0,561.0,,31.0
2017-03-25 15:51:00,28.3,37.1,1516.0,478.0,502.0,561.0,,31.0
2017-03-25 15:52:00,28.3,37.2,1468.0,342.0,506.0,562.0,,31.0
2017-03-25 15:53:00,28.3,37.0,1457.0,369.0,505.0,562.0,,31.0
2017-03-25 15:54:00,28.2,36.0,1502.0,353.0,486.0,562.0,,31.0
2017-03-25 15:55:00,28.2,37.2,1555.0,326.0,511.0,564.0,,31.0
2017-03-25 15:56:00,28.2,37.1,1517.0,345.0,512.0,564.0,,31.0
2017-03-25 15:57:00,28.2,36.9,1527.0,400.0,516.0,565.0,,31.0
2017-03-25 15:58:00,28.2,37.2,1534.0,353.0,503.0,567.0,,31.0
2017-03-25 15:59:00,28.2,37.3,1578.0,363.0,504.0,569.0,,31.0
2017-03-25 16:00:00,28.3,37.1,1552.0,465.0,505.0,570.0,,31.0
2017-03-25 16:01:00,28.3,36.7,1556.0,398.0,495.0,570.0,,31.0
2017-03-25 16:02:00,28.4,36.2,1534.0,518.0,494.0,570.0,,30.0
2017-03-25 16:03:00,28.8,36.8,1502.0,517.0,527.0,570.0,,25.0
2017-03-25 16:04:00,28.9,37.0,1527.0,403.0,510.0,571.0,,24.0
2017-03-25 16:05:00,29.0,36.3,1509.0,368.0,497.0,572.0,,25.0
2017-03-25 16:06:00,28.9,35.9,1502.0,523.0,498.0,572.0,,24.0
2017-03-25 16:07:00,28.7,36.5,1464.0,446.0,502.0,573.0,,24.0
2017-03-25 16:08:00,28.6,36.4,1509.0,412.0,521.0,573.0,,24.0
2017-03-25 16:09:00,28.5,36.4,1474.0,518.0,574.0,573.0,,24.0
2017-03-25 16:10:00,28.4,36.7,1494.0,364.0,509.0,574.0,,24.0
2017-03-25 16:11:00,28.3,36.9,1515.0,405.0,494.0,574.0,,25.0
2017-03-25 16:12:00,28.2,36.8,1491.0,516.0,489.0,575.0,,25.0
2017-03-25 16:13:00,28.2,37.1,1481.0,366.0,537.0,576.0,,22.0
2017-03-25 16:14:00,28.1,37.5,1498.0,350.0,510.0,576.0,,22.0
2017-03-25 16:15:00,28.1,37.5,1453.0,362.0,517.0,576.0,,19.0
2017-03-25 16:16:00,28.0,36.9,1470.0,371.0,497.0,576.0,,19.0
2017-03-25 16:17:00,28.0,37.6,1431.0,452.0,491.0,576.0,,16.0
2017-03-25 16:18:00,28.0,37.5,1427.0,398.0,501.0,576.0,,17.0
2017-03-25 16:19:00,27.9,37.6,1391.0,505.0,515.0,576.0,,16.0
2017-03-25 16:20:00,27.9,37.5,1394.0,387.0,528.0,576.0,,16.0
2017-03-25 16:21:00,27.9,37.3,1384.0,525.0,513.0,576.0,,16.0
2017-03-25 16:22:00,27.8,36.6,1394.0,459.0,527.0,577.0,,16.0
2017-03-25 16:23:00,27.8,37.1,1397.0,520.0,515.0,578.0,,16.0
2017-03-25 16:24:00,27.8,37.2,1356.0,370.0,516.0,579.0,,16.0
2017-03-25 16:25:00,28.0,38.2,1356.0,572.0,524.0,580.0,,16.0
2017-03-25 16:26:00,28.1,36.7,1319.0,253.0,497.0,580.0,,16.0
2017-03-25 16:27:00,28.1,35.5,1303.0,251.0,514.0,580.0,,16.0
2017-03-25 16:28:00,28.2,36.3,1323.0,474.0,502.0,581.0,,16.0
2017-03-25 16:29:00,28.2,36.4,1359.0,415.0,490.0,581.0,,16.0
2017-03-25 16:30:00,28.1,36.3,1326.0,450.0,493.0,581.0,,16.0
2017-03-25 16:31:00,28.1,36.3,1353.0,454.0,501.0,582.0,,16.0
2017-03-25 16:32:00,28.1,36.1,1353.0,457.0,490.0,582.0,,13.0
2017-03-25 16:33:00,28.1,36.7,1297.0,494.0,484.0,582.0,,13.0
2017-03-25 16:34:00,28.2,36.3,1297.0,525.0,500.0,582.0,,13.0
2017-03-25 16:35:00,28.3,35.8,1297.0,490.0,509.0,582.0,,0.0
2017-03-25 16:36:00,28.4,36.0,1297.0,371.0,495.0,582.0,,0.0
2017-03-25 16:37:00,28.4,36.0,1297.0,395.0,495.0,582.0,,0.0
2017-03-25 16:38:00,28.4,35.7,1297.0,407.0,495.0,582.0,,0.0
2017-04-01 09:08:00,21.8,42.1,859.0,205.0,502.0,36.0,,0.0
2017-04-01 09:09:00,21.9,42.1,859.0,203.0,494.0,36.0,,0.0
2017-04-01 09:10:00,22.0,41.9,908.0,328.0,507.0,40.0,,0.0
2017-04-01 09:11:00,22.2,41.4,971.0,209.0,502.0,45.0,,0.0
2017-04-01 09:12:00,22.3,41.1,932.0,388.0,495.0,48.0,,0.0
2017-04-01 09:13:00,22.4,41.1,907.0,189.0,511.0,50.0,,0.0
2017-04-01 09:14:00,22.5,40.7,921.0,197.0,504.0,51.0,,0.0
2017-04-01 09:15:00,22.6,39.6,919.0,397.0,528.0,55.0,,0.0
2017-04-01 09:16:00,22.6,40.6,937.0,382.0,501.0,55.0,,0.0
2017-04-01 09:17:00,22.7,40.4,923.0,380.0,483.0,58.0,,0.0
2017-04-01 09:18:00,22.7,40.4,920.0,203.0,505.0,61.0,,0.0
2017-04-01 09:19:00,22.8,40.6,1009.0,202.0,512.0,66.0,,0.0
2017-04-01 09:20:00,22.8,40.3,1078.0,313.0,506.0,69.0,,0.0
2017-04-01 09:21:00,22.9,40.4,1036.0,188.0,496.0,72.0,,0.0
2017-04-01 09:22:00,22.9,40.4,985.0,194.0,496.0,72.0,,0.0
2017-04-01 09:23:00,22.9,40.4,951.0,195.0,520.0,78.0,,0.0
2017-04-01 09:24:00,22.9,39.3,937.0,198.0,506.0,80.0,,0.0
2017-04-01 09:25:00,23.0,40.7,975.0,192.0,503.0,81.0,,30.0
2017-04-01 09:26:00,23.0,40.7,1010.0,194.0,502.0,83.0,,30.0
2017-04-01 09:27:00,23.0,40.5,992.0,192.0,495.0,83.0,,30.0
2017-04-01 09:28:00,23.0,40.5,1007.0,176.0,504.0,86.0,,31.0
2017-04-01 09:29:00,23.0,40.2,980.0,204.0,507.0,86.0,,31.0
2017-04-01 09:30:00,23.1,40.3,1053.0,188.0,507.0,87.0,,31.0
2017-04-01 09:31:00,23.1,40.5,1095.0,197.0,508.0,87.0,,31.0
2017-04-01 09:32:00,23.1,40.3,1068.0,194.0,496.0,89.0,,31.0
2017-04-01 09:33:00,23.1,39.3,1059.0,194.0,508.0,92.0,,31.0
2017-04-01 09:34:00,23.2,40.3,1050.0,173.0,497.0,93.0,,31.0
2017-04-01 09:35:00,23.2,39.1,1089.0,183.0,520.0,97.0,,31.0
2017-04-01 09:36:00,23.2,40.2,1096.0,376.0,500.0,98.0,,31.0
2017-04-01 09:37:00,23.2,40.1,1109.0,187.0,497.0,99.0,,31.0
2017-04-01 09:38:00,23.2,40.4,1096.0,182.0,503.0,104.0,,31.0
2017-04-01 09:39:00,23.2,40.2,1124.0,367.0,497.0,106.0,,31.0
2017-04-01 09:40:00,23.2,40.0,1146.0,191.0,498.0,108.0,,31.0
2017-04-01 09:41:00,23.0,39.8,1095.0,187.0,510.0,108.0,,31.0
2017-04-01 09:42:00,22.7,38.7,1023.0,185.0,496.0,112.0,,31.0
2017-04-01 09:43:00,22.4,39.9,1025.0,189.0,508.0,113.0,,31.0
2017-04-01 09:44:00,22.3,40.0,954.0,195.0,500.0,115.0,,31.0
2017-04-01 09:45:00,22.1,40.2,946.0,199.0,508.0,116.0,,31.0
2017-04-01 09:46:00,21.9,40.3,969.0,182.0,519.0,117.0,,31.0
2017-04-01 09:47:00,21.8,40.5,959.0,379.0,508.0,118.0,,31.0
2017-04-01 09:48:00,21.7,40.5,936.0,190.0,502.0,122.0,,31.0
2017-04-01 09:49:00,21.6,39.5,953.0,192.0,494.0,125.0,,31.0
2017-04-01 09:50:00,21.5,40.5,971.0,196.0,511.0,126.0,,31.0
2017-04-01 09:51:00,21.5,40.8,961.0,188.0,514.0,126.0,,31.0
2017-04-01 09:52:00,21.4,40.6,926.0,187.0,507.0,130.0,,30.0
2017-04-01 09:53:00,21.3,40.7,964.0,198.0,510.0,130.0,,30.0
2017-04-01 09:54:00,21.4,41.0,981.0,193.0,499.0,130.0,,30.0
2017-04-01 09:55:00,21.4,40.5,978.0,193.0,495.0,132.0,,30.0
2017-04-01 09:56:00,21.4,40.7,1001.0,199.0,500.0,133.0,,30.0
2017-04-01 09:57:00,21.4,40.6,992.0,193.0,484.0,133.0,,30.0
2017-04-01 09:58:00,21.4,40.6,1019.0,192.0,508.0,133.0,,31.0
2017-04-01 09:59:00,21.3,40.7,1004.0,390.0,512.0,137.0,,31.0
2017-04-01 10:00:00,21.3,40.7,1013.0,202.0,488.0,139.0,,31.0
2017-04-01 10:01:00,21.3,40.7,977.0,188.0,494.0,139.0,,30.0
2017-04-01 10:02:00,21.5,41.3,1229.0,196.0,479.0,140.0,,19.0
2017-04-01 10:03:00,21.7,39.7,1282.0,200.0,523.0,142.0,,16.0
2017-04-01 10:04:00,21.8,41.3,1351.0,209.0,499.0,142.0,,18.0
2017-04-01 10:05:00,21.9,40.4,1496.0,665.0,507.0,143.0,,16.0
2017-04-01 10:06:00,22.0,39.8,1649.0,216.0,502.0,144.0,,23.0
2017-04-01 10:07:00,22.0,39.6,1559.0,204.0,500.0,145.0,,23.0
2017-04-01 10:08:00,22.1,41.8,1393.0,177.0,564.0,147.0,,23.0
2017-04-01 10:09:00,22.1,39.6,1228.0,185.0,506.0,147.0,,28.0
2017-04-01 10:10:00,22.0,40.2,1133.0,198.0,498.0,148.0,,30.0
2017-04-01 10:11:00,21.9,39.5,1044.0,203.0,505.0,149.0,,30.0
2017-04-01 10:12:00,21.8,39.5,1038.0,188.0,506.0,149.0,,31.0
2017-04-01 10:13:00,21.6,39.1,1010.0,181.0,499.0,151.0,,31.0
2017-04-01 10:14:00,21.5,40.0,1061.0,192.0,502.0,151.0,,31.0
2017-04-01 10:15:00,21.4,40.7,1147.0,195.0,506.0,153.0,,31.0
2017-04-01 10:16:00,21.3,40.1,1085.0,200.0,498.0,155.0,,31.0
2017-04-01 10:17:00,21.2,40.3,1022.0,195.0,498.0,157.0,,31.0
2017-04-01 10:18:00,21.3,40.4,1016.0,188.0,505.0,157.0,,31.0
2017-04-01 10:19:00,21.3,40.4,1034.0,200.0,515.0,158.0,,31.0
2017-04-01 10:20:00,21.3,40.5,1037.0,196.0,520.0,159.0,,31.0
2017-04-01 10:21:00,21.3,39.4,1016.0,193.0,499.0,160.0,,31.0
2017-04-01 10:22:00,21.4,40.4,974.0,199.0,504.0,160.0,,31.0
2017-04-01 10:23:00,21.4,40.3,1031.0,200.0,506.0,162.0,,31.0
2017-04-01 10:24:00,21.4,39.3,992.0,188.0,512.0,164.0,,31.0
2017-04-01 10:25:00,21.4,39.3,1010.0,196.0,501.0,165.0,,31.0
2017-04-01 10:26:00,21.4,40.1,992.0,195.0,509.0,166.0,,31.0
2017-04-01 10:27:00,21.4,40.3,984.0,187.0,513.0,167.0,,31.0
2017-04-01 10:28:00,21.4,39.3,1004.0,197.0,506.0,171.0,,31.0
2017-04-01 10:29:00,21.4,40.5,1013.0,199.0,499.0,175.0,,31.0
2017-04-01 10:30:00,21.4,40.3,1013.0,194.0,504.0,179.0,,31.0
2017-04-01 10:31:00,21.4,40.1,1014.0,385.0,504.0,182.0,,31.0
2017-04-01 10:32:00,21.4,40.2,970.0,199.0,516.0,182.0,,31.0
2017-04-01 10:33:00,21.4,40.2,972.0,198.0,515.0,183.0,,31.0
2017-04-01 10:34:00,21.4,40.1,993.0,197.0,498.0,183.0,,31.0
2017-04-01 10:35:00,21.4,40.3,987.0,205.0,503.0,184.0,,31.0
2017-04-01 10:36:00,21.4,40.3,1017.0,196.0,509.0,185.0,,31.0
2017-04-01 10:37:00,21.5,39.0,978.0,202.0,501.0,189.0,,31.0
2017-04-01 10:38:00,21.5,40.0,1002.0,199.0,510.0,190.0,,31.0
2017-04-01 10:39:00,21.5,40.4,1024.0,198.0,506.0,193.0,,31.0
2017-04-01 10:40:00,21.5,40.1,1042.0,194.0,498.0,194.0,,31.0
2017-04-01 10:41:00,21.6,39.2,1030.0,197.0,514.0,196.0,,31.0
2017-04-01 10:42:00,21.6,40.2,997.0,201.0,501.0,196.0,,31.0
2017-04-01 10:43:00,21.6,40.0,1015.0,197.0,503.0,196.0,,31.0
2017-04-01 10:44:00,21.5,39.0,994.0,180.0,496.0,199.0,,31.0
2017-04-01 10:45:00,21.6,39.2,991.0,192.0,508.0,203.0,,31.0
2017-04-01 10:46:00,21.6,38.7,988.0,192.0,489.0,205.0,,31.0
2017-04-01 10:47:00,21.6,40.0,1027.0,194.0,589.0,207.0,,31.0
2017-04-01 10:48:00,21.6,39.1,962.0,184.0,491.0,210.0,,31.0
2017-04-01 10:49:00,21.6,40.0,962.0,199.0,512.0,212.0,,31.0
2017-04-01 10:50:00,21.6,38.9,936.0,181.0,492.0,214.0,,31.0
2017-04-01 10:51:00,21.6,38.9,963.0,170.0,498.0,214.0,,31.0
2017-04-01 10:52:00,21.6,39.6,973.0,186.0,514.0,215.0,,31.0
2017-04-01 10:53:00,21.6,38.7,939.0,203.0,498.0,215.0,,31.0
2017-04-01 10:54:00,21.6,38.8,944.0,190.0,511.0,218.0,,31.0
2017-04-01 10:55:00,21.6,38.8,968.0,196.0,498.0,220.0,,30.0
2017-04-01 10:56:00,21.6,39.8,994.0,195.0,506.0,223.0,,30.0
2017-04-01 10:57:00,21.6,39.9,979.0,191.0,532.0,223.0,,30.0
2017-04-01 10:58:00,21.6,39.8,950.0,192.0,506.0,225.0,,31.0
2017-04-01 10:59:00,21.7,38.7,966.0,195.0,506.0,227.0,,31.0
2017-04-01 11:00:00,21.7,39.8,972.0,201.0,492.0,227.0,,31.0
2017-04-01 11:01:00,21.7,38.7,989.0,197.0,503.0,230.0,,31.0
2017-04-01 11:02:00,21.7,39.6,974.0,197.0,506.0,231.0,,30.0
2017-04-01 11:03:00,21.7,39.5,951.0,200.0,514.0,234.0,,22.0
2017-04-01 11:04:00,21.6,38.5,951.0,190.0,522.0,234.0,,19.0
2017-04-01 11:05:00,21.6,39.9,937.0,185.0,512.0,237.0,,23.0
2017-04-01 11:06:00,21.6,39.7,919.0,193.0,505.0,237.0,,24.0
2017-04-01 11:07:00,21.6,38.5,954.0,198.0,507.0,238.0,,25.0
2017-04-01 11:08:00,21.7,39.6,951.0,198.0,504.0,240.0,,25.0
2017-04-01 11:09:00,21.6,38.3,948.0,196.0,508.0,242.0,,29.0
2017-04-01 11:10:00,21.7,39.5,957.0,199.0,499.0,243.0,,29.0
2017-04-01 11:11:00,21.7,38.6,986.0,203.0,504.0,245.0,,30.0
2017-04-01 11:12:00,21.7,39.5,998.0,196.0,506.0,247.0,,30.0
2017-04-01 11:13:00,21.7,39.5,998.0,176.0,511.0,248.0,,31.0
2017-04-01 11:14:00,21.8,39.5,992.0,199.0,500.0,251.0,,31.0
2017-04-01 11:15:00,21.8,39.5,998.0,192.0,494.0,251.0,,31.0
2017-04-01 11:16:00,21.8,38.4,998.0,199.0,497.0,254.0,,31.0
2017-04-01 11:17:00,21.8,38.5,998.0,154.0,506.0,256.0,,31.0
2017-04-01 11:18:00,21.8,38.3,986.0,200.0,498.0,257.0,,31.0
2017-04-01 11:19:00,21.8,38.2,1010.0,200.0,517.0,258.0,,31.0
2017-04-01 11:20:00,21.8,39.4,1013.0,196.0,507.0,261.0,,31.0
2017-04-01 11:21:00,21.8,38.2,1004.0,201.0,507.0,262.0,,31.0
2017-04-01 11:22:00,21.8,39.3,1007.0,198.0,517.0,263.0,,31.0
2017-04-01 11:23:00,21.8,39.2,1010.0,197.0,510.0,263.0,,31.0
2017-04-01 11:24:00,21.9,38.1,981.0,197.0,507.0,266.0,,31.0
2017-04-01 11:25:00,21.9,39.2,967.0,190.0,499.0,266.0,,31.0
2017-04-01 11:26:00,21.9,38.0,1041.0,195.0,511.0,269.0,,31.0
2017-04-01 11:27:00,21.9,39.1,1005.0,191.0,475.0,271.0,,31.0
2017-04-01 11:28:00,21.9,38.1,1008.0,190.0,505.0,273.0,,31.0
2017-04-01 11:29:00,21.9,39.0,959.0,196.0,520.0,273.0,,31.0
2017-04-01 11:30:00,21.9,37.8,988.0,197.0,508.0,275.0,,31.0
2017-04-01 11:31:00,22.0,39.0,945.0,203.0,503.0,276.0,,31.0
2017-04-01 11:32:00,22.0,39.0,962.0,181.0,504.0,276.0,,31.0
2017-04-01 11:33:00,21.9,38.9,982.0,196.0,500.0,276.0,,31.0
2017-04-01 11:34:00,22.0,39.0,994.0,204.0,498.0,276.0,,31.0
2017-04-01 11:35:00,22.0,39.0,956.0,200.0,525.0,278.0,,31.0
2017-04-01 11:36:00,22.0,38.5,953.0,203.0,512.0,278.0,,31.0
2017-04-01 11:37:00,22.0,38.9,982.0,192.0,523.0,282.0,,31.0
2017-04-01 11:38:00,22.0,38.8,953.0,198.0,511.0,283.0,,31.0
2017-04-01 11:39:00,22.0,38.2,936.0,198.0,504.0,285.0,,31.0
2017-04-01 11:40:00,22.0,37.7,947.0,193.0,502.0,285.0,,31.0
2017-04-01 11:41:00,22.0,38.7,947.0,197.0,510.0,287.0,,31.0
2017-04-01 11:42:00,22.0,38.8,933.0,204.0,491.0,287.0,,31.0
2017-04-01 11:43:00,22.0,38.8,968.0,197.0,501.0,290.0,,31.0
2017-04-01 11:44:00,22.0,38.8,947.0,198.0,506.0,292.0,,31.0
2017-04-01 11:45:00,22.0,37.6,942.0,173.0,524.0,293.0,,31.0
2017-04-01 11:46:00,22.0,38.8,950.0,192.0,496.0,294.0,,31.0
2017-04-01 11:47:00,22.0,37.7,945.0,199.0,506.0,297.0,,31.0
2017-04-01 11:48:00,22.0,38.7,965.0,202.0,497.0,297.0,,31.0
2017-04-01 11:49:00,22.0,38.8,921.0,195.0,499.0,298.0,,31.0
2017-04-01 11:50:00,22.0,37.8,956.0,200.0,517.0,302.0,,30.0
2017-04-01 11:51:00,22.0,38.2,927.0,209.0,496.0,303.0,,23.0
2017-04-01 11:52:00,22.0,37.9,950.0,195.0,517.0,304.0,,16.0
2017-04-01 11:53:00,21.9,39.0,956.0,204.0,500.0,305.0,,16.0
2017-04-01 11:54:00,21.9,38.9,953.0,205.0,490.0,306.0,,12.0
2017-04-01 11:55:00,21.9,37.7,968.0,204.0,493.0,311.0,,0.0
2017-04-01 11:56:00,21.8,38.8,933.0,177.0,514.0,312.0,,0.0
2017-04-01 11:57:00,21.6,38.9,915.0,206.0,503.0,313.0,,0.0
2017-04-01 11:58:00,21.6,39.1,929.0,207.0,503.0,314.0,,0.0
2017-04-01 11:59:00,21.6,37.7,897.0,198.0,494.0,316.0,,0.0
2017-04-01 12:00:00,21.5,37.5,871.0,197.0,484.0,317.0,,0.0
2017-04-01 12:01:00,21.5,38.6,849.0,192.0,493.0,320.0,,0.0
2017-04-01 12:02:00,21.3,38.6,843.0,191.0,502.0,324.0,,0.0
2017-04-01 12:03:00,21.2,38.7,823.0,186.0,510.0,327.0,,0.0
2017-04-01 12:04:00,21.2,38.7,830.0,195.0,505.0,329.0,,0.0
2017-04-01 12:05:00,21.1,37.7,827.0,186.0,492.0,332.0,,0.0
2017-04-01 12:06:00,21.0,37.7,787.0,193.0,500.0,332.0,,0.0
2017-04-01 12:07:00,21.0,37.6,791.0,177.0,507.0,336.0,,0.0
2017-04-01 12:08:00,21.0,38.7,765.0,192.0,501.0,336.0,,0.0
2017-04-01 12:09:00,21.1,38.7,726.0,194.0,506.0,339.0,,0.0
2017-04-01 12:10:00,21.1,38.5,753.0,191.0,511.0,342.0,,0.0
2017-04-01 12:11:00,21.1,37.5,750.0,192.0,507.0,343.0,,0.0
2017-04-01 12:12:00,21.0,38.5,747.0,392.0,499.0,345.0,,0.0
2017-04-01 12:13:00,21.1,37.6,747.0,175.0,504.0,345.0,,0.0
2017-04-01 12:14:00,21.2,38.7,733.0,390.0,510.0,345.0,,0.0
2017-04-01 12:15:00,21.3,37.6,791.0,185.0,503.0,345.0,,0.0
2017-04-01 12:16:00,21.3,37.5,746.0,191.0,511.0,346.0,,0.0
2017-04-01 12:17:00,21.3,38.5,759.0,194.0,504.0,349.0,,0.0
2017-04-01 12:18:00,21.4,38.7,741.0,192.0,501.0,350.0,,0.0
2017-04-01 12:19:00,21.5,37.5,738.0,191.0,507.0,350.0,,0.0
2017-04-01 12:20:00,21.5,38.4,757.0,191.0,506.0,352.0,,0.0
2017-04-01 12:21:00,21.5,38.1,759.0,192.0,504.0,352.0,,0.0
2017-04-01 12:22:00,21.5,38.3,762.0,191.0,466.0,353.0,,0.0
2017-04-01 12:23:00,21.5,38.4,752.0,193.0,502.0,353.0,,0.0
2017-04-01 12:24:00,21.5,38.2,738.0,189.0,504.0,355.0,,0.0
2017-04-01 12:25:00,21.5,37.5,738.0,187.0,509.0,357.0,,0.0
2017-04-01 12:26:00,21.6,37.2,753.0,189.0,498.0,359.0,,0.0
2017-04-01 12:27:00,21.6,38.4,763.0,353.0,499.0,359.0,,0.0
2017-04-01 12:28:00,21.7,38.2,763.0,197.0,501.0,362.0,,0.0
2017-04-01 12:29:00,21.8,38.3,759.0,194.0,498.0,367.0,,0.0
2017-04-01 12:30:00,21.9,38.3,769.0,160.0,500.0,367.0,,0.0
2017-04-01 12:31:00,22.0,38.4,770.0,190.0,510.0,372.0,,0.0
2017-04-01 12:32:00,22.2,38.3,778.0,194.0,497.0,374.0,,0.0
2017-04-01 12:33:00,22.3,37.1,761.0,195.0,506.0,377.0,,0.0
2017-04-01 12:34:00,22.4,36.9,790.0,194.0,491.0,380.0,,0.0
2017-04-01 12:35:00,22.5,36.6,749.0,191.0,509.0,382.0,,0.0
2017-04-01 12:36:00,22.5,36.6,775.0,191.0,500.0,382.0,,0.0
2017-04-01 12:37:00,22.6,37.6,780.0,189.0,505.0,383.0,,0.0
2017-04-01 12:38:00,22.6,37.4,779.0,189.0,508.0,383.0,,0.0
2017-04-01 12:39:00,22.7,37.3,752.0,181.0,509.0,385.0,,0.0
2017-04-01 12:40:00,22.7,37.1,805.0,192.0,510.0,386.0,,0.0
2017-04-01 12:41:00,22.6,36.1,816.0,183.0,512.0,386.0,,0.0
2017-04-01 12:42:00,22.6,37.4,818.0,219.0,496.0,391.0,,7.0
2017-04-01 12:43:00,22.6,36.5,838.0,204.0,504.0,391.0,,7.0
2017-04-01 12:44:00,22.5,36.2,838.0,197.0,508.0,394.0,,8.0
2017-04-01 12:48:00,22.1,36.7,838.0,219.0,508.0,0.0,,8.0
2017-04-01 12:49:00,21.5,38.5,811.0,219.0,508.0,13.0,,20.0
2017-04-01 12:50:00,21.6,37.7,846.0,165.0,512.0,31.0,,23.0
2017-04-01 12:51:00,21.6,38.5,871.0,207.0,528.0,34.0,,23.0
2017-04-01 12:52:00,21.6,38.3,851.0,204.0,504.0,41.0,,24.0
2017-04-01 12:53:00,21.6,38.7,888.0,208.0,501.0,48.0,,24.0
2017-04-01 12:54:00,21.6,38.7,871.0,208.0,501.0,52.0,,25.0
2017-04-01 12:55:00,21.6,39.0,881.0,204.0,524.0,56.0,,29.0
2017-04-01 12:56:00,21.6,39.0,912.0,206.0,497.0,58.0,,31.0
2017-04-01 12:57:00,21.7,39.1,956.0,208.0,517.0,60.0,,31.0
2017-04-01 12:58:00,21.7,39.3,965.0,199.0,507.0,65.0,,31.0
2017-04-01 12:59:00,21.7,39.3,956.0,206.0,510.0,70.0,,31.0
2017-04-01 13:00:00,21.7,39.3,971.0,217.0,500.0,72.0,,31.0
2017-04-01 13:01:00,21.7,39.4,971.0,214.0,505.0,84.0,,31.0
2017-04-01 13:02:00,21.8,39.3,1012.0,190.0,514.0,87.0,,31.0
2017-04-01 13:03:00,21.8,39.4,1009.0,202.0,479.0,88.0,,31.0
2017-04-01 13:04:00,21.8,39.2,976.0,211.0,499.0,96.0,,31.0
2017-04-01 13:05:00,21.9,39.3,991.0,212.0,495.0,99.0,,31.0
2017-04-01 13:06:00,21.9,39.2,1018.0,207.0,499.0,103.0,,31.0
2017-04-01 13:07:00,21.8,39.0,1024.0,178.0,494.0,103.0,,31.0
2017-04-01 13:08:00,21.8,39.2,982.0,207.0,510.0,108.0,,31.0
2017-04-01 13:09:00,21.8,39.3,997.0,208.0,493.0,108.0,,31.0
2017-04-01 13:10:00,21.8,39.2,1000.0,213.0,497.0,108.0,,31.0
2017-04-01 13:11:00,21.8,39.2,1006.0,205.0,485.0,108.0,,31.0
2017-04-01 13:12:00,21.9,39.4,1022.0,211.0,507.0,108.0,,31.0
2017-04-01 13:13:00,21.9,39.7,1004.0,195.0,505.0,109.0,,31.0
2017-04-01 13:14:00,21.9,39.7,1016.0,207.0,506.0,112.0,,31.0
2017-04-01 13:15:00,21.9,39.7,1046.0,212.0,519.0,113.0,,31.0
2017-04-01 13:16:00,21.9,40.0,1022.0,202.0,479.0,113.0,,31.0
2017-04-01 13:17:00,21.9,40.2,1053.0,206.0,528.0,119.0,,31.0
2017-04-01 13:18:00,21.9,40.4,1050.0,210.0,507.0,119.0,,31.0
2017-04-01 13:19:00,22.0,40.5,1022.0,207.0,499.0,121.0,,31.0
2017-04-01 13:20:00,22.0,40.3,1019.0,212.0,490.0,121.0,,31.0
2017-04-01 13:21:00,22.0,40.3,1044.0,207.0,507.0,121.0,,31.0
2017-04-01 13:22:00,22.1,40.3,1007.0,209.0,505.0,122.0,,31.0
2017-04-01 13:23:00,22.1,40.3,1047.0,201.0,506.0,123.0,,31.0
2017-04-01 13:24:00,22.1,40.3,1014.0,210.0,516.0,124.0,,31.0
2017-04-01 13:25:00,22.1,40.2,1029.0,198.0,495.0,127.0,,31.0
2017-04-01 13:26:00,22.1,40.2,1002.0,208.0,502.0,128.0,,31.0
2017-04-01 13:27:00,22.1,40.2,1029.0,204.0,508.0,130.0,,31.0
2017-04-01 13:28:00,22.0,40.3,1039.0,210.0,503.0,134.0,,31.0
2017-04-01 13:29:00,22.0,40.1,1054.0,219.0,483.0,137.0,,31.0
2017-04-01 13:30:00,22.0,40.1,1048.0,218.0,485.0,142.0,,31.0
2017-04-01 13:31:00,22.1,38.9,1032.0,202.0,509.0,145.0,,31.0
2017-04-01 13:32:00,22.1,39.9,1048.0,214.0,497.0,145.0,,31.0
2017-04-01 13:33:00,22.1,38.6,1051.0,212.0,502.0,145.0,,30.0
2017-04-01 13:34:00,22.0,39.2,1035.0,208.0,504.0,145.0,,30.0
2017-04-01 13:35:00,22.0,39.3,1029.0,208.0,507.0,146.0,,30.0
2017-04-01 13:36:00,21.9,39.1,1026.0,197.0,510.0,149.0,,30.0
2017-04-01 13:37:00,22.0,39.3,1023.0,203.0,502.0,149.0,,30.0
2017-04-01 13:38:00,22.0,39.1,1029.0,217.0,493.0,151.0,,30.0
2017-04-01 13:39:00,22.0,39.0,1014.0,179.0,496.0,154.0,,30.0
2017-04-01 13:40:00,21.9,39.1,1011.0,221.0,506.0,156.0,,30.0
2017-04-01 13:41:00,21.9,39.2,1016.0,212.0,498.0,156.0,,30.0
2017-04-01 13:42:00,21.9,39.2,1028.0,210.0,503.0,156.0,,30.0
2017-04-01 13:43:00,22.0,39.1,1020.0,214.0,505.0,158.0,,31.0
2017-04-01 13:44:00,22.0,39.2,1065.0,210.0,513.0,159.0,,31.0
2017-04-01 13:45:00,22.0,39.0,1047.0,209.0,499.0,159.0,,31.0
2017-04-01 13:46:00,22.0,38.2,1044.0,208.0,498.0,162.0,,31.0
2017-04-01 13:47:00,22.0,39.3,1029.0,210.0,507.0,162.0,,31.0
2017-04-01 13:48:00,22.0,39.4,1041.0,227.0,521.0,166.0,,31.0
2017-04-01 13:49:00,22.0,39.7,1020.0,210.0,495.0,167.0,,31.0
2017-04-01 13:50:00,22.0,39.7,1014.0,207.0,509.0,172.0,,31.0
2017-04-01 13:51:00,22.1,40.0,1024.0,206.0,503.0,177.0,,31.0
2017-04-01 13:52:00,22.1,40.0,1033.0,206.0,505.0,177.0,,31.0
2017-04-01 13:53:00,22.1,40.1,1018.0,212.0,516.0,180.0,,31.0
2017-04-01 13:54:00,22.2,39.2,1027.0,214.0,504.0,182.0,,31.0
2017-04-01 13:55:00,22.2,40.3,1054.0,211.0,498.0,183.0,,31.0
2017-04-01 13:56:00,22.2,40.3,1018.0,213.0,493.0,183.0,,31.0
2017-04-01 13:57:00,22.2,39.2,997.0,195.0,511.0,185.0,,31.0
2017-04-01 13:58:00,22.2,40.2,1003.0,196.0,509.0,186.0,,31.0
2017-04-01 13:59:00,22.2,40.2,971.0,211.0,503.0,188.0,,31.0
2017-04-01 14:00:00,22.2,39.1,1004.0,215.0,505.0,189.0,,31.0
2017-04-01 14:01:00,22.2,40.1,979.0,210.0,516.0,190.0,,31.0
2017-04-01 14:02:00,22.2,40.1,1012.0,198.0,488.0,194.0,,31.0
2017-04-01 14:03:00,22.1,40.2,1007.0,208.0,496.0,194.0,,31.0
2017-04-01 14:04:00,22.2,39.3,1025.0,215.0,503.0,195.0,,31.0
2017-04-01 14:05:00,22.2,40.0,1031.0,210.0,512.0,196.0,,31.0
2017-04-01 14:06:00,22.2,39.9,1001.0,211.0,504.0,196.0,,31.0
2017-04-01 14:07:00,22.2,39.7,1001.0,208.0,511.0,197.0,,31.0
2017-04-01 14:08:00,22.2,39.5,980.0,203.0,501.0,203.0,,31.0
2017-04-01 14:09:00,22.2,38.5,1019.0,212.0,501.0,204.0,,31.0
2017-04-01 14:10:00,22.2,39.1,1013.0,196.0,496.0,207.0,,31.0
2017-04-01 14:11:00,22.2,38.9,1034.0,211.0,500.0,207.0,,31.0
2017-04-01 14:12:00,22.2,39.0,1007.0,422.0,518.0,208.0,,31.0
2017-04-01 14:13:00,22.2,39.1,1031.0,213.0,512.0,210.0,,31.0
2017-04-01 14:14:00,22.2,39.0,1019.0,213.0,507.0,211.0,,31.0
2017-04-01 14:15:00,22.2,38.1,1022.0,197.0,501.0,212.0,,31.0
2017-04-01 14:16:00,22.2,38.9,1004.0,218.0,520.0,212.0,,31.0
2017-04-01 14:17:00,22.2,39.0,1019.0,218.0,493.0,212.0,,31.0
2017-04-01 14:18:00,22.2,39.2,1019.0,220.0,503.0,212.0,,31.0
2017-04-01 14:19:00,22.2,39.1,1007.0,221.0,507.0,212.0,,31.0
2017-04-01 14:20:00,22.2,39.2,1016.0,230.0,508.0,212.0,,31.0
2017-04-01 14:21:00,22.2,39.1,1007.0,221.0,498.0,214.0,,31.0
2017-04-01 14:22:00,22.2,37.9,992.0,221.0,500.0,216.0,,31.0
2017-04-01 14:23:00,22.2,38.9,1019.0,219.0,511.0,218.0,,31.0
2017-04-01 14:24:00,22.2,39.1,1031.0,222.0,502.0,220.0,,31.0
2017-04-01 14:25:00,22.2,39.1,1037.0,220.0,507.0,222.0,,31.0
2017-04-01 14:26:00,22.2,38.8,1019.0,222.0,510.0,223.0,,31.0
2017-04-01 14:27:00,22.2,38.9,998.0,225.0,495.0,226.0,,31.0
2017-04-01 14:28:00,22.2,38.2,977.0,220.0,504.0,229.0,,31.0
2017-04-01 14:29:00,22.2,38.9,983.0,222.0,493.0,229.0,,31.0
2017-04-01 14:30:00,22.2,38.8,972.0,225.0,513.0,230.0,,31.0
2017-04-01 14:31:00,22.1,38.7,934.0,221.0,503.0,238.0,,31.0
2017-04-01 14:32:00,22.1,38.7,925.0,223.0,499.0,242.0,,31.0
2017-04-01 14:33:00,22.1,38.6,963.0,216.0,510.0,245.0,,31.0
2017-04-01 14:34:00,22.1,38.7,911.0,218.0,507.0,245.0,,31.0
2017-04-01 14:35:00,22.1,38.6,925.0,221.0,512.0,247.0,,31.0
2017-04-01 14:36:00,22.1,38.6,934.0,225.0,502.0,248.0,,31.0
2017-04-01 14:37:00,22.1,38.7,945.0,226.0,512.0,251.0,,31.0
2017-04-01 14:38:00,22.1,38.7,945.0,200.0,512.0,254.0,,31.0
2017-04-01 14:39:00,22.1,37.6,936.0,223.0,507.0,255.0,,31.0
2017-04-01 14:40:00,22.1,37.6,1030.0,225.0,512.0,258.0,,31.0
2017-04-01 14:41:00,22.1,38.7,965.0,225.0,497.0,260.0,,31.0
2017-04-01 14:42:00,22.1,37.5,975.0,228.0,508.0,262.0,,31.0
2017-04-01 14:43:00,22.1,37.8,992.0,220.0,504.0,266.0,,30.0
2017-04-01 14:44:00,22.0,38.0,989.0,219.0,515.0,268.0,,25.0
2017-04-01 14:45:00,22.1,38.8,989.0,216.0,508.0,270.0,,24.0
2017-04-01 14:46:00,22.1,38.7,931.0,219.0,493.0,273.0,,25.0
2017-04-01 14:47:00,22.1,38.7,1025.0,223.0,510.0,275.0,,27.0
2017-04-01 14:48:00,22.2,38.6,1016.0,0.0,510.0,280.0,,31.0
2017-04-01 14:49:00,22.2,38.4,1034.0,228.0,501.0,280.0,,31.0
2017-04-01 14:50:00,22.2,38.4,1018.0,226.0,506.0,281.0,,31.0
2017-04-01 14:51:00,22.2,38.3,1018.0,230.0,509.0,284.0,,31.0
2017-04-01 14:52:00,22.2,37.2,1091.0,224.0,506.0,285.0,,31.0
2017-04-01 14:53:00,22.2,38.3,1033.0,224.0,488.0,288.0,,31.0
2017-04-01 14:54:00,22.2,38.3,995.0,228.0,509.0,288.0,,31.0
2017-04-01 14:55:00,22.2,38.3,983.0,228.0,512.0,290.0,,31.0
2017-04-01 14:56:00,22.2,37.1,986.0,224.0,502.0,291.0,,31.0
2017-04-01 14:57:00,22.2,37.3,983.0,220.0,513.0,291.0,,31.0
2017-04-01 14:58:00,22.2,38.2,969.0,227.0,519.0,294.0,,31.0
2017-04-01 14:59:00,22.3,38.2,975.0,222.0,506.0,295.0,,31.0
2017-04-01 15:00:00,22.3,38.1,1013.0,225.0,502.0,297.0,,31.0
2017-04-01 15:01:00,22.2,37.1,995.0,226.0,529.0,299.0,,31.0
2017-04-01 15:02:00,22.2,38.3,957.0,219.0,518.0,300.0,,31.0
2017-04-01 15:03:00,22.2,38.3,1013.0,221.0,498.0,302.0,,31.0
2017-04-01 15:04:00,22.2,37.3,1040.0,220.0,490.0,305.0,,31.0
2017-04-01 15:05:00,22.2,38.3,1116.0,214.0,498.0,307.0,,31.0
2017-04-01 15:06:00,22.2,38.3,1091.0,224.0,531.0,310.0,,31.0
2017-04-01 15:07:00,22.2,37.2,1085.0,222.0,505.0,311.0,,31.0
2017-04-01 15:08:00,22.2,37.2,1007.0,212.0,509.0,312.0,,31.0
2017-04-01 15:09:00,22.2,38.1,989.0,222.0,513.0,314.0,,31.0
2017-04-01 15:10:00,22.2,38.1,963.0,220.0,500.0,318.0,,31.0
2017-04-01 15:11:00,22.2,36.8,977.0,220.0,510.0,318.0,,31.0
2017-04-01 15:12:00,22.2,36.9,975.0,215.0,504.0,320.0,,31.0
2017-04-01 15:13:00,22.2,37.1,969.0,217.0,497.0,322.0,,31.0
2017-04-01 15:14:00,22.2,38.1,977.0,215.0,495.0,323.0,,31.0
2017-04-01 15:15:00,22.2,38.1,946.0,221.0,504.0,323.0,,31.0
2017-04-01 15:16:00,22.2,38.2,972.0,221.0,509.0,324.0,,31.0
2017-04-01 15:17:00,22.2,38.1,966.0,212.0,516.0,328.0,,31.0
2017-04-01 15:18:00,22.3,38.2,972.0,219.0,495.0,331.0,,31.0
2017-04-01 15:19:00,22.3,37.0,963.0,217.0,499.0,331.0,,31.0
2017-04-01 15:20:00,22.3,36.8,983.0,220.0,491.0,331.0,,31.0
2017-04-01 15:21:00,22.3,38.0,992.0,212.0,510.0,331.0,,31.0
2017-04-01 15:22:00,22.2,37.0,966.0,223.0,507.0,334.0,,31.0
2017-04-01 15:23:00,22.3,37.0,983.0,219.0,514.0,337.0,,31.0
2017-04-01 15:24:00,22.3,37.7,977.0,219.0,502.0,338.0,,31.0
2017-04-01 15:25:00,22.3,38.2,966.0,215.0,508.0,341.0,,31.0
2017-04-01 15:26:00,22.3,37.1,995.0,213.0,511.0,341.0,,31.0
2017-04-01 15:27:00,22.2,37.1,1007.0,222.0,507.0,343.0,,30.0
2017-04-01 15:28:00,22.2,38.1,998.0,226.0,509.0,343.0,,30.0
2017-04-01 15:29:00,22.2,38.1,992.0,465.0,505.0,344.0,,30.0
2017-04-01 15:30:00,22.3,38.2,957.0,221.0,501.0,348.0,,31.0
2017-04-01 15:31:00,22.3,38.1,995.0,218.0,521.0,350.0,,31.0
2017-04-01 15:32:00,22.3,38.1,986.0,218.0,497.0,350.0,,31.0
2017-04-01 15:33:00,22.3,37.1,1004.0,225.0,488.0,350.0,,31.0
2017-04-01 15:34:00,22.3,38.1,995.0,216.0,506.0,353.0,,31.0
2017-04-01 15:35:00,22.3,37.3,960.0,215.0,505.0,356.0,,31.0
2017-04-01 15:36:00,22.3,36.9,975.0,211.0,504.0,356.0,,31.0
2017-04-01 15:37:00,22.3,37.6,1004.0,212.0,515.0,356.0,,31.0
2017-04-01 15:38:00,22.3,37.9,1025.0,214.0,510.0,356.0,,31.0
2017-04-01 15:39:00,22.3,36.9,985.0,222.0,516.0,356.0,,31.0
2017-04-01 15:40:00,22.3,38.1,1006.0,217.0,511.0,357.0,,31.0
2017-04-01 15:41:00,22.3,38.1,1015.0,218.0,509.0,357.0,,31.0
2017-04-01 15:42:00,22.3,38.2,1016.0,194.0,506.0,362.0,,31.0
2017-04-01 15:43:00,22.2,38.1,972.0,222.0,504.0,362.0,,31.0
2017-04-01 15:44:00,22.2,38.2,954.0,229.0,513.0,362.0,,31.0
2017-04-01 15:45:00,22.2,37.1,998.0,222.0,514.0,362.0,,31.0
2017-04-01 15:46:00,22.2,38.1,1031.0,223.0,498.0,363.0,,31.0
2017-04-01 15:47:00,22.3,38.2,1022.0,223.0,507.0,364.0,,31.0
2017-04-01 15:48:00,22.3,37.1,1041.0,224.0,501.0,365.0,,31.0
2017-04-01 15:49:00,22.3,37.2,1028.0,229.0,519.0,366.0,,31.0
2017-04-01 15:50:00,22.3,37.6,1016.0,228.0,513.0,366.0,,31.0
2017-04-01 15:51:00,22.3,38.1,1065.0,227.0,505.0,366.0,,31.0
2017-04-01 15:52:00,22.3,37.1,1050.0,222.0,503.0,369.0,,31.0
2017-04-01 15:53:00,22.3,37.1,1083.0,219.0,508.0,372.0,,31.0
2017-04-01 15:54:00,22.3,37.2,1101.0,224.0,502.0,372.0,,31.0
2017-04-01 15:55:00,22.3,38.3,1065.0,214.0,522.0,374.0,,31.0
2017-04-01 15:56:00,22.3,38.2,1062.0,212.0,525.0,378.0,,31.0
2017-04-01 15:57:00,22.3,38.0,1083.0,217.0,501.0,381.0,,31.0
2017-04-01 15:58:00,22.4,38.0,1047.0,216.0,508.0,381.0,,31.0
2017-04-01 15:59:00,22.3,37.0,1065.0,225.0,509.0,381.0,,31.0
2017-04-01 16:00:00,22.3,36.8,1071.0,220.0,504.0,382.0,,31.0
2017-04-01 16:01:00,22.3,37.9,1083.0,220.0,496.0,384.0,,31.0
2017-04-01 16:02:00,22.4,36.9,1065.0,225.0,523.0,387.0,,31.0
2017-04-01 16:03:00,22.3,38.1,1013.0,235.0,496.0,388.0,,30.0
2017-04-01 16:04:00,22.3,37.0,1044.0,238.0,509.0,390.0,,30.0
2017-04-01 16:05:00,22.2,38.0,1004.0,234.0,510.0,392.0,,30.0
2017-04-01 16:06:00,22.2,38.3,1013.0,236.0,497.0,395.0,,30.0
2017-04-01 16:07:00,22.2,38.3,966.0,232.0,505.0,399.0,,30.0
2017-04-01 16:08:00,22.2,37.1,985.0,214.0,498.0,401.0,,30.0
2017-04-01 16:09:00,22.2,38.2,988.0,234.0,525.0,404.0,,30.0
2017-04-01 16:10:00,22.2,37.1,985.0,228.0,509.0,405.0,,30.0
2017-04-01 16:11:00,22.2,37.1,1021.0,238.0,512.0,407.0,,30.0
2017-04-01 16:12:00,22.2,37.1,1027.0,234.0,514.0,407.0,,30.0
2017-04-01 16:13:00,22.2,37.0,997.0,232.0,509.0,407.0,,30.0
2017-04-01 16:14:00,22.1,38.3,1012.0,239.0,489.0,407.0,,29.0
2017-04-01 16:15:00,22.1,37.7,1024.0,229.0,515.0,407.0,,24.0
2017-04-01 16:16:00,22.0,38.6,1012.0,234.0,506.0,408.0,,21.0
2017-04-01 16:17:00,22.0,37.5,1015.0,234.0,501.0,410.0,,20.0
2017-04-01 16:18:00,22.0,37.5,1003.0,192.0,512.0,410.0,,19.0
2017-04-01 16:19:00,22.1,37.4,994.0,233.0,500.0,412.0,,19.0
2017-04-01 16:20:00,22.1,38.5,1039.0,230.0,508.0,413.0,,18.0
2017-04-01 16:21:00,22.1,37.3,1017.0,478.0,490.0,413.0,,17.0
2017-04-01 16:22:00,22.1,38.1,993.0,225.0,512.0,415.0,,17.0
2017-04-01 16:23:00,22.1,38.1,981.0,223.0,494.0,416.0,,17.0
2017-04-01 16:24:00,22.0,38.0,941.0,224.0,499.0,418.0,,17.0
2017-04-01 16:25:00,22.0,38.2,940.0,228.0,514.0,419.0,,17.0
2017-04-01 16:26:00,22.0,38.0,928.0,223.0,497.0,419.0,,17.0
2017-04-01 16:27:00,22.0,37.9,937.0,225.0,521.0,419.0,,17.0
2017-04-01 16:28:00,21.9,36.8,911.0,225.0,495.0,421.0,,16.0
2017-04-01 16:29:00,21.9,36.9,925.0,219.0,505.0,422.0,,16.0
2017-04-01 16:30:00,21.8,37.9,907.0,228.0,510.0,423.0,,16.0
2017-04-01 16:31:00,21.8,37.9,898.0,226.0,515.0,424.0,,16.0
2017-04-01 16:32:00,21.8,37.3,862.0,221.0,507.0,424.0,,17.0
2017-04-01 16:33:00,21.8,38.0,859.0,210.0,506.0,425.0,,17.0
2017-04-01 16:34:00,21.8,37.7,881.0,219.0,496.0,427.0,,17.0
2017-04-01 16:35:00,21.8,36.6,901.0,223.0,507.0,427.0,,17.0
2017-04-01 16:36:00,21.8,36.7,850.0,226.0,512.0,428.0,,17.0
2017-04-01 16:37:00,21.8,37.8,867.0,226.0,511.0,428.0,,17.0
2017-04-01 16:38:00,21.8,36.6,862.0,221.0,504.0,428.0,,17.0
2017-04-01 16:39:00,21.7,37.7,881.0,221.0,510.0,429.0,,17.0
2017-04-01 16:40:00,21.7,37.9,862.0,227.0,504.0,430.0,,17.0
2017-04-01 16:41:00,21.8,36.8,873.0,233.0,496.0,432.0,,17.0
2017-04-01 16:42:00,21.8,37.8,856.0,222.0,514.0,432.0,,17.0
2017-04-01 16:43:00,21.8,37.6,839.0,222.0,501.0,432.0,,17.0
2017-04-01 16:44:00,21.8,37.7,851.0,230.0,497.0,432.0,,17.0
2017-04-01 16:45:00,21.8,36.7,834.0,230.0,508.0,432.0,,17.0
2017-04-01 16:46:00,21.8,36.6,862.0,226.0,519.0,433.0,,16.0
2017-04-01 16:47:00,21.7,36.4,837.0,216.0,520.0,434.0,,15.0
2017-04-01 16:48:00,21.7,37.7,809.0,214.0,500.0,435.0,,15.0
2017-04-01 16:49:00,21.7,37.9,828.0,219.0,500.0,435.0,,12.0
2017-04-01 16:50:00,21.7,36.9,814.0,218.0,481.0,436.0,,12.0
2017-04-01 16:51:00,21.7,36.5,785.0,223.0,528.0,436.0,,11.0
2017-04-01 16:52:00,21.7,37.6,798.0,438.0,507.0,436.0,,11.0
2017-04-01 16:53:00,21.6,37.6,820.0,224.0,499.0,436.0,,11.0
2017-04-01 16:54:00,21.7,36.6,839.0,225.0,518.0,438.0,,12.0
2017-04-01 16:55:00,21.6,37.6,808.0,222.0,525.0,438.0,,12.0
2017-04-01 16:56:00,21.6,37.6,813.0,228.0,514.0,438.0,,12.0
2017-04-01 16:57:00,21.7,37.5,789.0,226.0,528.0,438.0,,11.0
2017-04-01 16:58:00,21.7,37.7,797.0,223.0,500.0,438.0,,11.0
2017-04-01 16:59:00,21.6,37.6,781.0,222.0,492.0,438.0,,10.0
2017-04-01 17:00:00,21.6,37.6,779.0,224.0,502.0,438.0,,9.0
2017-04-01 17:01:00,21.7,37.5,776.0,229.0,485.0,438.0,,9.0
2017-04-01 17:02:00,21.7,36.6,787.0,230.0,494.0,438.0,,8.0
2017-04-01 17:03:00,21.7,37.4,734.0,222.0,517.0,438.0,,8.0
2017-04-01 17:04:00,21.7,37.3,767.0,216.0,507.0,438.0,,8.0
2017-04-01 17:05:00,21.7,37.3,754.0,226.0,521.0,438.0,,8.0
2017-04-01 17:06:00,21.7,37.2,749.0,230.0,505.0,438.0,,8.0
2017-04-08 08:58:00,21.8,24.1,792.0,174.0,521.0,47.0,41.0,8.0
2017-04-08 08:59:00,21.8,24.1,776.0,174.0,523.0,49.0,43.0,8.0
2017-04-08 09:00:00,21.9,24.2,836.0,180.0,516.0,57.0,51.0,8.0
2017-04-08 09:01:00,21.9,24.9,811.0,121.0,518.0,25.0,24.0,8.0
2017-04-08 09:02:00,21.9,25.0,834.0,180.0,520.0,39.0,35.0,8.0
2017-04-08 09:03:00,22.0,25.2,892.0,180.0,507.0,45.0,41.0,8.0
2017-04-08 09:04:00,22.0,25.3,933.0,179.0,525.0,48.0,44.0,8.0
2017-04-08 09:05:00,22.1,24.5,933.0,178.0,558.0,56.0,51.0,8.0
2017-04-08 09:06:00,22.1,25.6,968.0,176.0,523.0,59.0,54.0,8.0
2017-04-08 09:07:00,22.2,25.1,969.0,176.0,580.0,67.0,61.0,8.0
2017-04-08 09:08:00,22.2,25.3,992.0,179.0,531.0,68.0,62.0,8.0
2017-04-08 09:09:00,22.1,25.1,2.0,162.0,525.0,73.0,66.0,8.0
2017-04-08 09:10:00,22.0,25.2,1001.0,175.0,517.0,75.0,67.0,8.0
2017-04-08 09:11:00,22.0,24.9,2.0,170.0,543.0,77.0,69.0,8.0
2017-04-08 09:12:00,21.8,24.6,1009.0,175.0,525.0,79.0,71.0,8.0
2017-04-08 09:13:00,21.7,24.6,968.0,162.0,532.0,79.0,71.0,8.0
2017-04-08 09:14:00,21.5,24.4,961.0,182.0,527.0,83.0,75.0,8.0
2017-04-08 09:15:00,21.4,24.5,975.0,170.0,515.0,44.0,39.0,29.0
2017-04-08 09:16:00,21.3,24.5,990.0,177.0,508.0,52.0,46.0,31.0
2017-04-08 09:17:00,21.3,24.3,986.0,175.0,402.0,62.0,56.0,31.0
2017-04-08 09:18:00,21.3,24.7,939.0,177.0,513.0,69.0,61.0,31.0
2017-04-08 09:19:00,21.3,24.2,948.0,161.0,521.0,71.0,63.0,31.0
2017-04-08 09:20:00,21.3,24.9,938.0,180.0,530.0,79.0,71.0,31.0
2017-04-08 09:29:00,21.3,24.3,2.0,179.0,534.0,104.0,92.0,31.0
2017-04-08 09:30:00,21.3,24.7,966.0,167.0,558.0,106.0,94.0,31.0
2017-04-08 09:31:00,21.3,24.2,1005.0,174.0,527.0,111.0,98.0,31.0
2017-04-08 09:32:00,21.3,24.2,981.0,175.0,526.0,112.0,99.0,31.0
2017-04-08 09:33:00,21.3,24.2,1008.0,170.0,526.0,45.0,39.0,31.0
2017-04-08 09:34:00,21.3,24.2,975.0,177.0,517.0,59.0,51.0,31.0
2017-04-08 09:35:00,21.3,24.0,978.0,177.0,515.0,66.0,56.0,31.0
2017-04-08 09:36:00,21.4,24.2,1029.0,175.0,521.0,73.0,63.0,31.0
2017-04-08 09:37:00,21.4,24.0,972.0,79.0,390.0,74.0,64.0,31.0
2017-04-08 09:38:00,21.4,24.4,1009.0,174.0,523.0,78.0,67.0,31.0
2017-04-08 09:39:00,21.4,24.3,970.0,176.0,508.0,80.0,69.0,31.0
2017-04-08 09:40:00,21.3,24.6,994.0,175.0,431.0,85.0,73.0,31.0
2017-04-08 09:41:00,21.3,24.7,976.0,174.0,511.0,86.0,74.0,31.0
2017-04-08 09:42:00,21.3,25.0,996.0,176.0,507.0,91.0,78.0,31.0
2017-04-08 09:43:00,21.4,24.5,997.0,163.0,504.0,95.0,82.0,31.0
2017-04-08 09:44:00,21.4,24.4,997.0,177.0,555.0,97.0,84.0,31.0
2017-04-08 09:45:00,21.4,24.1,1024.0,171.0,532.0,100.0,87.0,31.0
2017-04-08 09:46:00,21.5,24.0,1024.0,177.0,532.0,103.0,90.0,31.0
2017-04-08 09:47:00,21.5,24.2,991.0,175.0,527.0,103.0,90.0,31.0
2017-04-08 09:48:00,21.6,24.2,1024.0,175.0,532.0,106.0,93.0,31.0
2017-04-08 09:49:00,21.6,25.0,1003.0,175.0,534.0,109.0,96.0,31.0
2017-04-08 09:50:00,21.6,24.4,1027.0,174.0,521.0,109.0,96.0,31.0
2017-04-08 09:51:00,21.6,24.2,1034.0,178.0,513.0,111.0,98.0,31.0
2017-04-08 09:52:00,21.6,24.7,1010.0,174.0,524.0,111.0,98.0,31.0
2017-04-08 09:53:00,21.6,24.1,1016.0,176.0,529.0,112.0,99.0,31.0
2017-04-08 09:54:00,21.6,23.9,1025.0,176.0,520.0,114.0,101.0,31.0
2017-04-08 09:55:00,21.7,24.7,1061.0,145.0,495.0,120.0,107.0,31.0
2017-04-08 09:56:00,21.7,24.0,1031.0,174.0,556.0,120.0,107.0,31.0
2017-04-08 09:57:00,21.7,24.1,1022.0,177.0,447.0,124.0,111.0,31.0
2017-04-08 09:58:00,21.7,24.8,1025.0,177.0,532.0,126.0,113.0,31.0
2017-04-08 09:59:00,21.7,23.9,1010.0,178.0,521.0,128.0,115.0,31.0
2017-04-08 10:00:00,21.7,24.4,1037.0,177.0,510.0,131.0,118.0,31.0
2017-04-08 10:01:00,21.7,24.9,1037.0,176.0,539.0,132.0,119.0,30.0
2017-04-08 10:02:00,21.7,24.4,1001.0,181.0,514.0,133.0,120.0,25.0
2017-04-08 10:03:00,21.7,24.3,1059.0,164.0,514.0,136.0,123.0,16.0
2017-04-08 10:04:00,21.6,24.1,1038.0,146.0,530.0,140.0,127.0,12.0
2017-04-08 10:05:00,21.5,24.3,1022.0,170.0,552.0,140.0,127.0,16.0
2017-04-08 10:06:00,21.5,24.0,1043.0,179.0,515.0,140.0,127.0,22.0
2017-04-08 10:07:00,21.5,23.8,1007.0,178.0,527.0,143.0,130.0,26.0
2017-04-08 10:08:00,21.5,24.3,1046.0,177.0,486.0,148.0,135.0,26.0
2017-04-08 10:11:00,21.5,24.2,2.0,150.0,531.0,157.0,143.0,31.0
2017-04-08 10:12:00,21.5,24.6,1107.0,146.0,518.0,159.0,145.0,31.0
2017-04-08 10:13:00,21.6,23.8,1101.0,149.0,525.0,44.0,35.0,31.0
2017-04-08 10:14:00,21.6,23.8,1091.0,176.0,552.0,47.0,37.0,31.0
2017-04-08 10:15:00,21.6,24.3,1067.0,174.0,516.0,55.0,45.0,31.0
2017-04-08 10:16:00,21.6,24.7,1138.0,143.0,516.0,64.0,52.0,31.0
2017-04-08 10:17:00,21.6,24.6,1085.0,172.0,527.0,70.0,58.0,31.0
2017-04-08 10:18:00,21.6,24.1,1113.0,167.0,246.0,76.0,64.0,31.0
2017-04-08 10:19:00,21.7,23.9,1070.0,174.0,511.0,80.0,68.0,31.0
2017-04-08 10:20:00,21.6,23.7,1098.0,146.0,528.0,82.0,70.0,31.0
2017-04-08 10:21:00,21.7,24.3,1098.0,178.0,530.0,87.0,74.0,31.0
2017-04-08 10:22:00,21.7,24.0,1085.0,177.0,523.0,88.0,75.0,31.0
2017-04-08 10:23:00,21.7,23.7,1064.0,143.0,513.0,95.0,82.0,31.0
2017-04-08 10:24:00,21.7,23.9,1076.0,177.0,536.0,99.0,86.0,31.0
2017-04-08 10:25:00,21.7,23.7,1085.0,176.0,555.0,104.0,90.0,31.0
2017-04-08 10:26:00,21.7,23.5,1091.0,178.0,528.0,109.0,95.0,31.0
2017-04-08 10:27:00,21.7,24.2,1061.0,150.0,528.0,115.0,101.0,31.0
2017-04-08 10:28:00,21.7,23.6,1073.0,144.0,521.0,116.0,102.0,31.0
2017-04-08 10:29:00,21.7,24.1,1166.0,180.0,522.0,119.0,105.0,31.0
2017-04-08 10:30:00,21.7,23.8,1111.0,180.0,531.0,124.0,109.0,31.0
2017-04-08 10:31:00,21.8,23.7,1080.0,181.0,547.0,128.0,112.0,31.0
2017-04-08 10:32:00,21.8,24.4,1050.0,143.0,528.0,130.0,114.0,31.0
2017-04-08 10:33:00,21.8,23.8,1130.0,177.0,546.0,132.0,116.0,31.0
2017-04-08 10:34:00,21.8,23.4,1083.0,145.0,509.0,134.0,118.0,31.0
2017-04-08 10:35:00,21.8,23.6,1108.0,179.0,519.0,137.0,120.0,31.0
2017-04-08 10:36:00,21.8,23.7,1105.0,366.0,524.0,140.0,123.0,31.0
2017-04-08 10:37:00,21.8,23.3,1077.0,178.0,525.0,143.0,126.0,31.0
2017-04-08 10:38:00,21.8,23.8,1102.0,147.0,328.0,143.0,126.0,31.0
2017-04-08 10:39:00,21.8,23.7,1108.0,177.0,530.0,148.0,131.0,30.0
2017-04-08 10:40:00,21.8,23.7,1114.0,178.0,514.0,150.0,133.0,30.0
2017-04-08 10:41:00,21.8,23.8,1074.0,152.0,546.0,152.0,135.0,30.0
2017-04-08 10:42:00,21.8,23.2,1092.0,176.0,518.0,152.0,135.0,30.0
2017-04-08 10:43:00,21.8,23.3,1068.0,147.0,515.0,152.0,135.0,30.0
2017-04-08 10:44:00,21.8,23.8,1044.0,180.0,518.0,157.0,140.0,30.0
2017-04-08 10:45:00,21.8,24.0,1095.0,170.0,514.0,157.0,140.0,30.0
2017-04-08 10:46:00,21.8,23.3,1065.0,142.0,533.0,158.0,141.0,31.0
2017-04-08 10:47:00,21.8,23.8,1059.0,179.0,513.0,159.0,142.0,31.0
2017-04-08 10:48:00,21.8,23.6,1062.0,172.0,530.0,161.0,144.0,31.0
2017-04-08 10:49:00,21.8,23.6,1092.0,152.0,530.0,162.0,145.0,31.0
2017-04-08 10:50:00,21.8,23.3,1071.0,181.0,337.0,164.0,147.0,31.0
2017-04-08 10:51:00,21.8,23.6,1074.0,147.0,535.0,164.0,147.0,31.0
2017-04-08 10:52:00,21.7,23.1,1083.0,181.0,539.0,166.0,149.0,31.0
2017-04-08 10:53:00,21.8,23.2,1053.0,176.0,526.0,168.0,151.0,31.0
2017-04-08 10:54:00,21.8,23.3,1077.0,148.0,311.0,171.0,154.0,31.0
2017-04-08 10:55:00,21.8,23.4,1062.0,178.0,315.0,173.0,156.0,31.0
2017-04-08 10:56:00,21.8,23.1,1068.0,173.0,485.0,173.0,156.0,30.0
2017-04-08 10:57:00,21.8,23.5,1080.0,185.0,376.0,176.0,159.0,29.0
2017-04-08 10:58:00,21.8,23.8,1092.0,61.0,530.0,177.0,160.0,29.0
2017-04-08 10:59:00,21.7,23.2,1080.0,166.0,530.0,179.0,161.0,16.0
2017-04-08 11:00:00,21.7,23.7,1068.0,150.0,516.0,182.0,164.0,25.0
2017-04-08 11:01:00,21.8,23.1,1114.0,180.0,529.0,185.0,167.0,29.0
2017-04-08 11:02:00,21.8,23.3,1059.0,180.0,562.0,186.0,168.0,31.0
2017-04-08 11:03:00,21.8,23.3,1080.0,178.0,521.0,189.0,171.0,31.0
2017-04-08 11:04:00,21.8,23.6,1053.0,179.0,528.0,192.0,174.0,31.0
2017-04-08 11:05:00,21.9,23.2,1099.0,147.0,520.0,194.0,176.0,31.0
2017-04-08 11:06:00,21.9,23.8,1108.0,175.0,527.0,197.0,179.0,31.0
2017-04-08 11:07:00,21.9,23.3,1074.0,147.0,527.0,198.0,180.0,31.0
2017-04-08 11:08:00,21.9,23.3,1062.0,143.0,522.0,198.0,180.0,31.0
2017-04-08 11:09:00,21.9,23.8,1071.0,179.0,480.0,200.0,182.0,31.0
2017-04-08 11:10:00,21.9,23.5,1102.0,151.0,429.0,202.0,183.0,31.0
2017-04-08 11:11:00,21.9,23.3,1117.0,180.0,525.0,206.0,187.0,31.0
2017-04-08 11:12:00,21.9,23.2,1059.0,179.0,448.0,208.0,189.0,31.0
2017-04-08 11:13:00,21.9,22.8,1087.0,143.0,447.0,210.0,191.0,31.0
2017-04-08 11:14:00,22.0,23.2,1081.0,179.0,508.0,211.0,192.0,31.0
2017-04-08 11:15:00,22.0,23.5,1093.0,147.0,524.0,211.0,192.0,31.0
2017-04-08 11:16:00,22.0,22.8,1066.0,148.0,518.0,213.0,194.0,31.0
2017-04-08 11:17:00,22.0,23.1,1109.0,173.0,559.0,215.0,196.0,31.0
2017-04-08 11:18:00,22.0,23.4,1093.0,179.0,532.0,217.0,198.0,31.0
2017-04-08 11:19:00,22.1,23.6,1103.0,147.0,518.0,220.0,201.0,31.0
2017-04-08 11:20:00,22.0,23.4,1121.0,180.0,537.0,222.0,203.0,31.0
2017-04-08 11:21:00,22.0,23.7,1100.0,182.0,545.0,224.0,205.0,31.0
2017-04-08 11:22:00,22.0,23.1,1063.0,174.0,534.0,227.0,208.0,31.0
2017-04-08 11:23:00,22.0,22.9,1087.0,181.0,528.0,231.0,212.0,31.0
2017-04-08 11:24:00,22.0,22.6,1093.0,177.0,529.0,232.0,213.0,31.0
2017-04-08 11:25:00,22.0,22.9,1039.0,175.0,527.0,236.0,217.0,31.0
2017-04-08 11:26:00,22.0,22.1,1057.0,187.0,522.0,240.0,221.0,31.0
2017-04-08 11:27:00,22.0,22.6,1054.0,180.0,523.0,241.0,222.0,31.0
2017-04-08 11:28:00,22.0,22.1,1024.0,180.0,506.0,241.0,222.0,31.0
2017-04-08 11:29:00,22.0,22.1,1024.0,178.0,528.0,241.0,222.0,31.0
2017-04-08 11:30:00,22.0,22.4,1042.0,145.0,539.0,241.0,222.0,31.0
2017-04-08 11:31:00,22.0,22.1,1048.0,178.0,523.0,241.0,222.0,31.0
2017-04-08 11:32:00,22.1,22.1,1024.0,147.0,506.0,242.0,223.0,31.0
2017-04-08 11:33:00,22.1,22.3,1009.0,180.0,517.0,244.0,225.0,31.0
2017-04-08 11:34:00,22.1,22.4,1030.0,175.0,522.0,245.0,226.0,31.0
2017-04-08 11:35:00,22.1,22.2,1048.0,186.0,520.0,246.0,227.0,31.0
2017-04-08 11:36:00,22.1,22.7,1103.0,177.0,546.0,250.0,231.0,31.0
2017-04-08 11:37:00,22.1,23.0,1087.0,146.0,524.0,252.0,233.0,31.0
2017-04-08 11:38:00,22.1,22.3,1106.0,181.0,528.0,254.0,235.0,31.0
2017-04-08 11:39:00,22.1,22.4,1076.0,177.0,510.0,255.0,236.0,31.0
2017-04-08 11:40:00,22.1,22.7,1058.0,153.0,515.0,256.0,237.0,31.0
2017-04-08 11:41:00,22.1,22.5,1076.0,149.0,551.0,258.0,239.0,31.0
2017-04-08 11:42:00,22.1,22.6,1076.0,180.0,531.0,260.0,241.0,31.0
2017-04-08 11:43:00,22.1,22.6,1082.0,29.0,528.0,260.0,241.0,31.0
2017-04-08 11:44:00,22.1,22.5,1040.0,178.0,524.0,260.0,241.0,31.0
2017-04-08 11:45:00,22.1,22.6,1082.0,168.0,519.0,261.0,242.0,31.0
2017-04-08 11:46:00,22.2,22.0,1046.0,180.0,516.0,262.0,243.0,31.0
2017-04-08 11:47:00,22.2,21.9,995.0,151.0,528.0,263.0,244.0,30.0
2017-04-08 11:48:00,22.2,22.3,1058.0,149.0,512.0,263.0,244.0,30.0
2017-04-08 11:49:00,22.2,22.2,1034.0,153.0,562.0,264.0,245.0,30.0
2017-04-08 11:50:00,22.2,22.3,1025.0,182.0,541.0,266.0,247.0,30.0
2017-04-08 11:51:00,22.2,22.0,1061.0,179.0,519.0,266.0,247.0,30.0
2017-04-08 11:52:00,22.2,21.8,995.0,144.0,520.0,266.0,247.0,30.0
2017-04-08 11:53:00,22.2,22.1,1025.0,75.0,517.0,266.0,247.0,30.0
2017-04-08 11:54:00,22.1,22.3,1010.0,149.0,524.0,270.0,251.0,31.0
2017-04-08 11:55:00,22.1,21.8,1040.0,149.0,516.0,271.0,252.0,31.0
2017-04-08 11:56:00,22.1,21.8,1034.0,175.0,521.0,272.0,253.0,31.0
2017-04-08 11:57:00,22.1,22.6,1034.0,147.0,708.0,273.0,254.0,31.0
2017-04-08 11:58:00,22.2,22.2,1043.0,173.0,527.0,276.0,257.0,31.0
2017-04-08 11:59:00,22.2,22.3,1049.0,172.0,591.0,278.0,259.0,31.0
2017-04-08 12:00:00,22.2,22.5,1055.0,179.0,535.0,278.0,259.0,31.0
2017-04-08 12:01:00,22.2,22.4,1097.0,179.0,519.0,280.0,261.0,31.0
2017-04-08 12:02:00,22.2,22.9,1094.0,186.0,510.0,281.0,262.0,31.0
2017-04-08 12:03:00,22.2,22.4,1067.0,145.0,530.0,285.0,266.0,31.0
2017-04-08 12:04:00,22.2,22.6,1064.0,180.0,530.0,286.0,267.0,31.0
2017-04-08 12:05:00,22.2,22.3,1079.0,185.0,521.0,287.0,268.0,30.0
2017-04-08 12:06:00,22.2,22.7,1079.0,182.0,505.0,289.0,270.0,28.0
2017-04-08 12:07:00,22.2,22.5,1076.0,144.0,521.0,290.0,271.0,9.0
2017-04-08 12:08:00,22.1,22.1,1135.0,172.0,516.0,22.0,20.0,0.0
2017-04-08 12:09:00,22.0,22.0,1091.0,176.0,522.0,24.0,22.0,0.0
2017-04-08 12:10:00,21.9,21.9,1058.0,160.0,522.0,29.0,26.0,0.0
2017-04-08 12:11:00,21.8,21.9,1010.0,170.0,528.0,29.0,26.0,0.0
2017-04-08 12:12:00,21.7,22.0,1000.0,171.0,536.0,33.0,28.0,0.0
2017-04-08 12:13:00,21.6,22.0,956.0,170.0,542.0,39.0,34.0,0.0
2017-04-08 12:14:00,21.5,21.5,906.0,176.0,514.0,41.0,36.0,0.0
2017-04-08 12:15:00,21.5,21.5,911.0,177.0,510.0,44.0,39.0,0.0
2017-04-08 12:16:00,21.4,21.4,906.0,147.0,519.0,45.0,40.0,0.0
2017-04-08 12:17:00,21.3,21.5,879.0,177.0,531.0,46.0,41.0,0.0
2017-04-08 12:18:00,21.3,21.3,876.0,171.0,526.0,48.0,43.0,0.0
2017-04-08 12:19:00,21.2,21.1,868.0,170.0,522.0,51.0,44.0,0.0
2017-04-08 12:20:00,21.2,20.9,846.0,133.0,524.0,53.0,46.0,0.0
2017-04-08 12:21:00,21.2,21.2,785.0,169.0,526.0,55.0,48.0,0.0
2017-04-08 12:22:00,21.3,21.5,801.0,178.0,518.0,57.0,50.0,0.0
2017-04-08 12:23:00,21.4,21.4,812.0,123.0,530.0,59.0,51.0,0.0
2017-04-08 12:24:00,21.5,21.9,798.0,166.0,557.0,59.0,51.0,0.0
2017-04-08 12:25:00,21.6,21.6,793.0,145.0,524.0,60.0,52.0,0.0
2017-04-08 12:26:00,21.7,21.2,829.0,171.0,523.0,60.0,52.0,0.0
2017-04-08 12:27:00,21.8,21.5,791.0,142.0,521.0,61.0,53.0,0.0
2017-04-08 12:28:00,21.9,21.7,815.0,175.0,548.0,66.0,57.0,0.0
2017-04-08 12:29:00,22.1,21.7,819.0,178.0,536.0,69.0,60.0,0.0
2017-04-08 12:30:00,22.2,22.0,835.0,180.0,520.0,70.0,61.0,0.0
2017-04-08 12:31:00,22.2,21.8,859.0,175.0,526.0,70.0,61.0,0.0
2017-04-08 12:34:00,22.3,21.5,870.0,174.0,519.0,78.0,68.0,0.0
2017-04-08 12:40:00,22.7,21.3,885.0,170.0,540.0,90.0,78.0,0.0
2017-04-08 12:41:00,22.6,21.6,857.0,143.0,413.0,93.0,81.0,0.0
2017-04-08 12:45:00,22.6,21.2,879.0,175.0,513.0,102.0,88.0,0.0
2017-04-08 12:46:00,22.6,21.7,868.0,177.0,533.0,106.0,91.0,0.0
2017-04-08 12:47:00,22.6,21.2,857.0,178.0,436.0,109.0,94.0,0.0
2017-04-08 12:50:00,22.6,21.2,871.0,177.0,505.0,115.0,100.0,0.0
2017-04-08 12:54:00,22.6,22.1,873.0,178.0,528.0,131.0,115.0,0.0
2017-04-08 12:56:00,22.3,21.2,878.0,178.0,579.0,133.0,117.0,0.0
2017-04-08 12:58:00,22.1,20.8,883.0,177.0,501.0,143.0,126.0,0.0
2017-04-08 12:59:00,22.0,21.0,883.0,161.0,576.0,143.0,126.0,0.0
2017-04-08 13:04:00,22.1,21.6,2.0,180.0,529.0,163.0,145.0,21.0
2017-04-08 13:05:00,21.6,21.9,979.0,145.0,533.0,167.0,149.0,22.0
2017-04-08 13:06:00,21.6,22.1,976.0,125.0,537.0,169.0,151.0,22.0
2017-04-08 13:07:00,21.5,22.1,996.0,150.0,521.0,53.0,49.0,23.0
2017-04-08 13:08:00,21.5,22.2,972.0,176.0,501.0,63.0,56.0,24.0
2017-04-08 13:09:00,21.5,22.4,999.0,176.0,535.0,72.0,64.0,24.0
2017-04-08 13:10:00,21.5,21.8,977.0,177.0,523.0,79.0,71.0,24.0
2017-04-08 13:11:00,21.4,22.7,1016.0,175.0,534.0,83.0,74.0,24.0
2017-04-08 13:12:00,21.4,21.9,1019.0,175.0,532.0,85.0,76.0,24.0
2017-04-08 13:13:00,21.3,22.2,1007.0,172.0,523.0,90.0,81.0,25.0
2017-04-08 13:14:00,21.4,22.7,1012.0,175.0,483.0,97.0,87.0,25.0
2017-04-08 13:15:00,21.4,22.7,1015.0,144.0,568.0,99.0,89.0,25.0
2017-04-08 13:16:00,21.4,22.3,1018.0,176.0,557.0,99.0,89.0,28.0
2017-04-08 13:17:00,21.5,23.2,1051.0,178.0,520.0,103.0,93.0,28.0
2017-04-08 13:18:00,21.5,23.1,1039.0,181.0,522.0,104.0,94.0,28.0
2017-04-08 13:19:00,21.6,22.6,1054.0,145.0,492.0,108.0,98.0,28.0
2017-04-08 13:20:00,21.6,23.2,1072.0,177.0,516.0,109.0,99.0,31.0
2017-04-08 13:21:00,21.6,22.8,1073.0,171.0,532.0,113.0,103.0,31.0
2017-04-08 13:22:00,21.7,22.4,1079.0,177.0,510.0,120.0,109.0,31.0
2017-04-08 13:23:00,21.7,22.6,1064.0,176.0,525.0,121.0,110.0,31.0
2017-04-08 13:24:00,21.7,22.4,1061.0,179.0,447.0,123.0,112.0,31.0
2017-04-08 13:25:00,21.7,22.6,1085.0,170.0,525.0,125.0,114.0,31.0
2017-04-08 13:26:00,21.6,23.1,1079.0,174.0,537.0,125.0,114.0,31.0
2017-04-08 13:27:00,21.7,23.4,1073.0,166.0,509.0,125.0,114.0,31.0
2017-04-08 13:28:00,21.7,22.7,1076.0,175.0,526.0,127.0,116.0,31.0
2017-04-08 13:29:00,21.7,22.6,1125.0,162.0,533.0,128.0,116.0,31.0
2017-04-08 13:30:00,21.7,22.8,1107.0,176.0,514.0,130.0,118.0,31.0
2017-04-08 13:31:00,21.7,23.2,1116.0,178.0,545.0,135.0,123.0,31.0
2017-04-08 13:32:00,21.7,22.7,1107.0,178.0,543.0,139.0,127.0,31.0
2017-04-08 13:33:00,21.7,23.1,1101.0,179.0,526.0,146.0,134.0,31.0
2017-04-08 13:34:00,21.7,23.3,1110.0,158.0,517.0,149.0,137.0,31.0
2017-04-08 13:35:00,21.7,22.8,1101.0,175.0,519.0,149.0,137.0,31.0
2017-04-08 13:36:00,21.7,22.8,1085.0,170.0,526.0,150.0,138.0,31.0
2017-04-08 13:37:00,21.6,22.5,1125.0,174.0,527.0,151.0,139.0,31.0
2017-04-08 13:38:00,21.6,23.1,1110.0,178.0,537.0,155.0,143.0,31.0
2017-04-08 13:39:00,21.6,23.3,1172.0,177.0,548.0,156.0,144.0,31.0
2017-04-08 13:40:00,21.7,22.6,1122.0,175.0,695.0,158.0,146.0,31.0
2017-04-08 13:41:00,21.7,22.6,1125.0,177.0,529.0,158.0,146.0,31.0
2017-04-08 13:42:00,21.7,23.0,1135.0,158.0,528.0,158.0,146.0,31.0
2017-04-08 13:43:00,21.8,22.6,1104.0,166.0,532.0,162.0,150.0,31.0
2017-04-08 13:44:00,21.8,22.7,1166.0,180.0,528.0,164.0,152.0,31.0
2017-04-08 13:45:00,21.8,22.5,1145.0,144.0,540.0,166.0,154.0,31.0
2017-04-08 13:46:00,21.8,23.1,1099.0,103.0,525.0,166.0,154.0,31.0
2017-04-08 13:47:00,21.8,23.0,1080.0,176.0,529.0,167.0,155.0,31.0
2017-04-08 13:48:00,21.8,22.5,1086.0,162.0,543.0,169.0,157.0,31.0
2017-04-08 13:49:00,21.8,22.7,1095.0,148.0,521.0,170.0,158.0,31.0
2017-04-08 13:50:00,21.8,22.8,1114.0,174.0,584.0,171.0,159.0,31.0
2017-04-08 13:51:00,21.8,23.1,1136.0,156.0,505.0,174.0,162.0,31.0
2017-04-08 13:52:00,21.8,23.3,1099.0,179.0,535.0,176.0,164.0,31.0
2017-04-08 13:53:00,21.9,22.5,1126.0,162.0,540.0,179.0,165.0,31.0
2017-04-08 13:54:00,21.9,23.2,1130.0,162.0,482.0,180.0,166.0,31.0
2017-04-08 13:55:00,21.9,23.4,1108.0,179.0,529.0,184.0,170.0,31.0
2017-04-08 13:56:00,21.9,22.6,1108.0,150.0,526.0,185.0,171.0,31.0
2017-04-08 13:57:00,21.9,22.8,1139.0,163.0,526.0,185.0,171.0,31.0
2017-04-08 13:58:00,21.9,23.3,1136.0,178.0,516.0,188.0,174.0,31.0
2017-04-08 13:59:00,21.9,23.0,1123.0,179.0,521.0,191.0,177.0,31.0
2017-04-08 14:00:00,21.9,22.5,1145.0,184.0,525.0,193.0,179.0,30.0
2017-04-08 14:01:00,21.9,22.9,1117.0,164.0,511.0,195.0,181.0,21.0
2017-04-08 14:02:00,21.8,22.6,1111.0,148.0,525.0,195.0,181.0,13.0
2017-04-08 14:03:00,21.8,22.4,1142.0,142.0,520.0,197.0,183.0,13.0
2017-04-08 14:04:00,21.9,22.7,1053.0,146.0,527.0,202.0,187.0,15.0
2017-04-08 14:05:00,21.8,22.1,1089.0,149.0,534.0,202.0,187.0,17.0
2017-04-08 14:06:00,21.8,22.8,1050.0,149.0,518.0,202.0,187.0,21.0
2017-04-08 14:07:00,21.8,22.1,1026.0,178.0,528.0,207.0,191.0,24.0
2017-04-08 14:08:00,21.7,22.2,1056.0,187.0,540.0,209.0,193.0,27.0
2017-04-08 14:09:00,21.7,22.0,1065.0,178.0,533.0,211.0,195.0,28.0
2017-04-08 14:10:00,21.7,22.1,1099.0,182.0,575.0,215.0,199.0,29.0
2017-04-08 14:11:00,21.7,22.4,1086.0,180.0,575.0,217.0,201.0,29.0
2017-04-08 14:12:00,21.7,22.8,1114.0,176.0,521.0,219.0,203.0,29.0
2017-04-08 14:13:00,21.8,23.9,1105.0,150.0,517.0,224.0,208.0,29.0
2017-04-08 14:14:00,21.8,23.0,1205.0,182.0,521.0,224.0,208.0,29.0
2017-04-08 14:15:00,21.8,22.7,1154.0,176.0,392.0,226.0,210.0,29.0
2017-04-08 14:16:00,21.8,22.8,1133.0,184.0,521.0,227.0,211.0,30.0
2017-04-08 14:17:00,21.8,22.6,1151.0,183.0,519.0,231.0,215.0,30.0
2017-04-08 14:18:00,21.8,22.6,1117.0,179.0,528.0,234.0,218.0,30.0
2017-04-08 14:19:00,21.9,22.5,1105.0,181.0,516.0,235.0,219.0,30.0
2017-04-08 14:20:00,21.9,23.1,1086.0,176.0,525.0,236.0,220.0,30.0
2017-04-08 14:21:00,22.0,22.4,1095.0,183.0,541.0,238.0,222.0,30.0
2017-04-08 14:22:00,22.0,22.5,1105.0,182.0,521.0,239.0,223.0,30.0
2017-04-08 14:23:00,22.0,22.6,1105.0,180.0,525.0,240.0,224.0,30.0
2017-04-08 14:24:00,22.0,23.1,1126.0,150.0,524.0,242.0,226.0,30.0
2017-04-08 14:25:00,22.0,22.8,1126.0,149.0,520.0,246.0,229.0,30.0
2017-04-08 14:26:00,22.0,22.8,1126.0,157.0,585.0,247.0,230.0,30.0
2017-04-08 14:27:00,22.0,23.1,1134.0,181.0,520.0,249.0,232.0,30.0
2017-04-08 14:28:00,22.0,22.7,1087.0,182.0,523.0,251.0,234.0,30.0
2017-04-08 14:29:00,22.0,22.5,1115.0,181.0,525.0,252.0,235.0,30.0
2017-04-08 14:30:00,22.0,23.2,1143.0,152.0,498.0,255.0,238.0,30.0
2017-04-08 14:31:00,22.0,22.2,1106.0,181.0,533.0,256.0,239.0,30.0
2017-04-08 14:32:00,22.1,22.5,1106.0,130.0,564.0,258.0,241.0,30.0
2017-04-08 14:33:00,22.0,22.1,1109.0,176.0,513.0,260.0,243.0,30.0
2017-04-08 14:34:00,22.1,22.7,1109.0,129.0,547.0,262.0,245.0,30.0
2017-04-08 14:35:00,22.1,22.9,1096.0,146.0,546.0,264.0,247.0,30.0
2017-04-08 14:36:00,22.1,22.0,1066.0,180.0,540.0,267.0,250.0,30.0
2017-04-08 14:37:00,22.1,22.8,1090.0,180.0,502.0,269.0,251.0,30.0
2017-04-08 14:38:00,22.1,22.8,1143.0,174.0,508.0,272.0,254.0,30.0
2017-04-08 14:39:00,22.1,22.1,1106.0,182.0,521.0,272.0,254.0,30.0
2017-04-08 14:40:00,22.1,22.2,1118.0,176.0,524.0,274.0,256.0,30.0
2017-04-08 14:41:00,22.1,22.1,1081.0,178.0,528.0,276.0,258.0,30.0
2017-04-08 14:42:00,22.1,22.5,1118.0,172.0,481.0,276.0,258.0,30.0
2017-04-08 14:43:00,22.1,22.3,1131.0,146.0,503.0,278.0,260.0,30.0
2017-04-08 14:44:00,22.1,22.5,1141.0,178.0,312.0,279.0,261.0,30.0
2017-04-08 14:45:00,22.2,23.2,1153.0,140.0,526.0,284.0,266.0,30.0
2017-04-08 14:46:00,22.1,22.7,1150.0,148.0,559.0,284.0,266.0,30.0
2017-04-08 14:47:00,22.1,22.7,1153.0,180.0,537.0,285.0,267.0,30.0
2017-04-08 14:48:00,22.1,22.7,1150.0,148.0,528.0,286.0,268.0,30.0
2017-04-08 14:49:00,22.1,22.5,1150.0,181.0,515.0,288.0,270.0,30.0
2017-04-08 14:50:00,22.1,22.5,1152.0,146.0,299.0,291.0,273.0,30.0
2017-04-08 14:51:00,22.1,22.2,1121.0,181.0,530.0,293.0,275.0,30.0
2017-04-08 14:52:00,22.1,22.5,1100.0,179.0,530.0,294.0,276.0,30.0
2017-04-08 14:53:00,22.1,21.7,1109.0,180.0,523.0,297.0,278.0,30.0
2017-04-08 14:54:00,22.1,22.5,1091.0,180.0,521.0,298.0,279.0,30.0
2017-04-08 14:55:00,22.1,22.4,1140.0,150.0,448.0,301.0,282.0,30.0
2017-04-08 14:56:00,22.1,22.3,1082.0,178.0,515.0,302.0,283.0,30.0
2017-04-08 14:57:00,22.2,22.4,1070.0,152.0,437.0,302.0,283.0,30.0
2017-04-08 14:58:00,22.2,22.6,1094.0,173.0,513.0,303.0,284.0,30.0
2017-04-08 14:59:00,22.1,22.5,1091.0,146.0,513.0,304.0,285.0,30.0
2017-04-08 15:00:00,22.2,22.7,1101.0,179.0,527.0,306.0,287.0,30.0
2017-04-08 15:01:00,22.2,22.2,1104.0,150.0,293.0,309.0,290.0,30.0
2017-04-08 15:02:00,22.2,22.3,1101.0,143.0,439.0,311.0,292.0,30.0
2017-04-08 15:03:00,22.2,22.6,1125.0,181.0,520.0,313.0,294.0,30.0
2017-04-08 15:04:00,22.1,22.9,1119.0,181.0,527.0,313.0,294.0,30.0
2017-04-08 15:05:00,22.2,22.7,1097.0,179.0,533.0,315.0,296.0,30.0
2017-04-08 15:06:00,22.2,22.6,1110.0,181.0,578.0,316.0,297.0,30.0
2017-04-08 15:07:00,22.2,22.3,1135.0,180.0,514.0,317.0,298.0,30.0
2017-04-08 15:08:00,22.2,22.7,1135.0,147.0,524.0,317.0,298.0,30.0
2017-04-08 15:09:00,22.2,22.1,1119.0,181.0,519.0,319.0,300.0,30.0
2017-04-08 15:10:00,22.2,22.0,1138.0,128.0,367.0,322.0,303.0,30.0
2017-04-08 15:11:00,22.2,22.0,1125.0,170.0,517.0,323.0,304.0,30.0
2017-04-08 15:12:00,22.2,21.8,1107.0,183.0,526.0,324.0,305.0,30.0
2017-04-08 15:13:00,22.2,21.8,1150.0,179.0,503.0,326.0,307.0,30.0
2017-04-08 15:14:00,22.2,22.3,1150.0,182.0,607.0,327.0,308.0,30.0
2017-04-08 15:15:00,22.1,22.3,1116.0,154.0,533.0,327.0,308.0,30.0
2017-04-08 15:16:00,22.1,22.6,1138.0,174.0,515.0,328.0,309.0,30.0
2017-04-08 15:17:00,22.1,22.0,1097.0,139.0,512.0,329.0,310.0,30.0
2017-04-08 15:18:00,22.1,22.4,1113.0,147.0,425.0,329.0,310.0,30.0
2017-04-08 15:19:00,22.2,22.8,1141.0,137.0,531.0,331.0,312.0,30.0
2017-04-08 15:20:00,22.2,22.5,1141.0,148.0,522.0,332.0,313.0,30.0
2017-04-08 15:21:00,22.2,22.8,1122.0,150.0,532.0,334.0,315.0,30.0
2017-04-08 15:22:00,22.2,22.4,1104.0,183.0,576.0,337.0,318.0,30.0
2017-04-08 15:23:00,22.2,22.7,1120.0,135.0,558.0,338.0,319.0,30.0
2017-04-08 15:24:00,22.2,22.0,1154.0,162.0,510.0,339.0,320.0,30.0
2017-04-08 15:25:00,22.2,21.9,1136.0,180.0,521.0,341.0,322.0,30.0
2017-04-08 15:26:00,22.2,22.0,1102.0,173.0,533.0,343.0,324.0,30.0
2017-04-08 15:27:00,22.2,22.5,1105.0,183.0,527.0,344.0,325.0,30.0
2017-04-08 15:28:00,22.2,22.3,1095.0,177.0,535.0,345.0,326.0,29.0
2017-04-08 15:29:00,22.1,22.6,1080.0,151.0,511.0,348.0,329.0,29.0
2017-04-08 15:30:00,22.1,22.1,1108.0,151.0,549.0,351.0,332.0,29.0
2017-04-08 15:31:00,22.1,22.6,1067.0,183.0,532.0,353.0,334.0,29.0
2017-04-08 15:32:00,22.2,22.6,1085.0,149.0,523.0,355.0,336.0,30.0
2017-04-08 15:33:00,22.2,22.2,1142.0,173.0,521.0,356.0,337.0,30.0
2017-04-08 15:34:00,22.2,23.0,1105.0,180.0,516.0,359.0,340.0,31.0
2017-04-08 15:35:00,22.2,22.7,1076.0,185.0,522.0,362.0,343.0,30.0
2017-04-08 15:36:00,22.2,22.6,1108.0,148.0,528.0,362.0,343.0,30.0
2017-04-08 15:37:00,22.1,22.9,1108.0,182.0,528.0,365.0,346.0,30.0
2017-04-08 15:38:00,22.1,22.1,1113.0,145.0,446.0,369.0,350.0,30.0
2017-04-08 15:39:00,22.2,22.6,1125.0,180.0,346.0,371.0,352.0,31.0
2017-04-08 15:40:00,22.2,22.6,1104.0,176.0,505.0,371.0,352.0,30.0
2017-04-08 15:41:00,22.2,22.4,1107.0,177.0,535.0,374.0,355.0,30.0
2017-04-08 15:42:00,22.1,22.7,1135.0,150.0,526.0,376.0,357.0,30.0
2017-04-08 15:43:00,22.1,22.2,1147.0,151.0,535.0,378.0,359.0,30.0
2017-04-08 15:44:00,22.1,22.7,1094.0,170.0,530.0,380.0,361.0,30.0
2017-04-08 15:45:00,22.1,22.3,1122.0,181.0,523.0,380.0,361.0,30.0
2017-04-08 15:46:00,22.0,22.3,1113.0,181.0,512.0,381.0,362.0,31.0
2017-04-08 15:47:00,22.1,22.6,1128.0,150.0,575.0,382.0,363.0,31.0
2017-04-08 15:48:00,22.0,22.4,1113.0,182.0,510.0,382.0,363.0,31.0
2017-04-08 15:49:00,22.0,22.5,1141.0,174.0,516.0,383.0,364.0,31.0
2017-04-08 15:50:00,22.1,22.3,1165.0,181.0,506.0,385.0,366.0,31.0
2017-04-08 15:51:00,22.1,22.5,1112.0,150.0,532.0,388.0,369.0,31.0
2017-04-08 15:52:00,22.1,22.8,1174.0,181.0,536.0,389.0,370.0,31.0
2017-04-08 15:53:00,22.1,22.9,1118.0,153.0,516.0,390.0,371.0,31.0
2017-04-08 15:54:00,22.1,22.2,1122.0,183.0,537.0,390.0,371.0,31.0
2017-04-08 15:55:00,22.2,22.4,1119.0,159.0,522.0,391.0,372.0,31.0
2017-04-08 15:56:00,22.2,23.0,1101.0,181.0,556.0,391.0,372.0,31.0
2017-04-08 15:57:00,22.2,22.2,1119.0,178.0,550.0,395.0,376.0,31.0
2017-04-08 15:58:00,22.2,22.5,1088.0,179.0,528.0,396.0,377.0,31.0
2017-04-08 15:59:00,22.2,22.2,1107.0,142.0,463.0,396.0,377.0,31.0
2017-04-08 16:00:00,22.3,22.5,1116.0,152.0,539.0,397.0,378.0,31.0
2017-04-08 16:01:00,22.3,22.9,1094.0,133.0,520.0,397.0,378.0,31.0
2017-04-08 16:02:00,22.2,22.6,1094.0,164.0,539.0,398.0,379.0,31.0
2017-04-08 16:03:00,22.3,22.8,1122.0,151.0,528.0,399.0,380.0,31.0
2017-04-08 16:04:00,22.2,22.1,1119.0,151.0,501.0,400.0,381.0,31.0
2017-04-08 16:05:00,22.2,22.8,1132.0,182.0,521.0,401.0,382.0,31.0
2017-04-08 16:06:00,22.2,22.4,1097.0,181.0,535.0,403.0,384.0,30.0
2017-04-08 16:07:00,22.2,22.4,1125.0,184.0,520.0,403.0,384.0,29.0
2017-04-08 16:08:00,22.2,22.4,1138.0,183.0,549.0,403.0,384.0,24.0
2017-04-08 16:09:00,22.2,23.4,1135.0,156.0,527.0,404.0,385.0,24.0
2017-04-08 16:10:00,22.2,23.2,1125.0,184.0,506.0,405.0,386.0,23.0
2017-04-08 16:11:00,22.2,23.0,1169.0,180.0,521.0,406.0,387.0,23.0
2017-04-08 16:12:00,22.1,22.7,1125.0,182.0,506.0,410.0,391.0,23.0
2017-04-08 16:13:00,22.0,22.1,1116.0,180.0,513.0,410.0,391.0,23.0
2017-04-08 16:14:00,21.9,22.8,1128.0,181.0,530.0,413.0,394.0,20.0
2017-04-08 16:15:00,21.9,22.1,1063.0,176.0,525.0,415.0,396.0,18.0
2017-04-08 16:16:00,21.8,22.4,1063.0,176.0,511.0,416.0,397.0,18.0
2017-04-08 16:17:00,21.7,22.4,1072.0,181.0,525.0,416.0,397.0,18.0
2017-04-08 16:18:00,21.7,22.1,1024.0,174.0,602.0,417.0,398.0,15.0
2017-04-08 16:19:00,21.6,22.4,1032.0,182.0,525.0,417.0,398.0,15.0
2017-04-08 16:20:00,21.6,22.4,1074.0,179.0,520.0,418.0,398.0,15.0
2017-04-08 16:21:00,21.6,21.9,1014.0,180.0,514.0,418.0,398.0,15.0
2017-04-08 16:22:00,21.6,22.3,996.0,176.0,633.0,418.0,398.0,15.0
2017-04-08 16:23:00,21.6,22.5,1014.0,117.0,538.0,418.0,398.0,15.0
2017-04-08 16:24:00,21.5,21.9,1017.0,181.0,518.0,420.0,400.0,15.0
2017-04-08 16:25:00,21.5,22.3,1049.0,180.0,525.0,422.0,401.0,15.0
2017-04-08 16:26:00,21.5,22.2,1010.0,157.0,498.0,422.0,401.0,14.0
2017-04-08 16:27:00,21.4,22.6,1028.0,179.0,534.0,424.0,403.0,12.0
2017-04-08 16:28:00,21.4,22.5,995.0,181.0,528.0,424.0,403.0,0.0
2017-03-18 08:59:00,21.4,22.5,995.0,181.0,528.0,424.0,403.0,22.0
2017-03-18 09:00:00,21.4,22.5,995.0,181.0,528.0,424.0,403.0,23.0
2017-03-18 09:05:00,21.4,22.5,995.0,181.0,528.0,424.0,403.0,25.0
2017-03-18 09:18:00,21.4,22.5,995.0,181.0,528.0,424.0,403.0,31.0
2017-03-18 11:13:00,21.4,22.5,995.0,181.0,528.0,424.0,403.0,30.0
2017-03-18 11:14:00,21.4,22.5,995.0,181.0,528.0,424.0,403.0,29.0
2017-03-18 11:16:00,21.4,22.5,995.0,181.0,528.0,424.0,403.0,27.0
2017-03-18 11:17:00,21.4,22.5,995.0,181.0,528.0,424.0,403.0,22.0
2017-03-18 11:18:00,21.4,22.5,995.0,181.0,528.0,424.0,403.0,24.0
2017-03-18 11:19:00,21.4,22.5,995.0,181.0,528.0,424.0,403.0,26.0
2017-03-18 11:20:00,21.4,22.5,995.0,181.0,528.0,424.0,403.0,27.0
2017-03-18 11:21:00,21.4,22.5,995.0,181.0,528.0,424.0,403.0,30.0
2017-03-18 12:39:00,21.4,22.5,995.0,181.0,528.0,424.0,403.0,29.0
2017-03-18 12:40:00,21.4,22.5,995.0,181.0,528.0,424.0,403.0,28.0
2017-03-18 13:57:00,21.4,22.5,995.0,181.0,528.0,424.0,403.0,30.0
2017-03-18 15:35:00,21.4,22.5,995.0,181.0,528.0,424.0,403.0,30.0
2017-03-18 15:40:00,21.4,22.5,995.0,181.0,528.0,424.0,403.0,29.0
2017-03-18 16:07:00,21.4,22.5,995.0,181.0,528.0,424.0,403.0,28.0
2017-03-18 16:08:00,21.4,22.5,995.0,181.0,528.0,424.0,403.0,26.0
2017-03-18 16:09:00,21.4,22.5,995.0,181.0,528.0,424.0,403.0,23.0
2017-03-18 16:10:00,21.4,22.5,995.0,181.0,528.0,424.0,403.0,22.0
2017-03-18 16:11:00,21.4,22.5,995.0,181.0,528.0,424.0,403.0,21.0
2017-03-18 16:12:00,21.4,22.5,995.0,181.0,528.0,424.0,403.0,20.0
2017-03-18 16:18:00,21.4,22.5,995.0,181.0,528.0,424.0,403.0,18.0
2017-03-18 16:21:00,21.4,22.5,995.0,181.0,528.0,424.0,403.0,17.0
2017-03-18 16:25:00,21.4,22.5,995.0,181.0,528.0,424.0,403.0,0.0
2017-03-25 09:53:00,21.4,22.5,995.0,181.0,528.0,424.0,403.0,29.0
2017-03-25 10:03:00,21.4,22.5,995.0,181.0,528.0,424.0,403.0,30.0
2017-03-25 10:13:00,21.4,22.5,995.0,181.0,528.0,424.0,403.0,29.0
2017-03-25 10:14:00,21.4,22.5,995.0,181.0,528.0,424.0,403.0,25.0
2017-03-25 10:15:00,21.4,22.5,995.0,181.0,528.0,424.0,403.0,23.0
2017-03-25 10:24:00,21.4,22.5,995.0,181.0,528.0,424.0,403.0,31.0
2017-04-01 09:06:00,21.4,22.5,995.0,181.0,528.0,424.0,403.0,31.0
2017-04-01 12:45:00,21.4,22.5,995.0,181.0,528.0,424.0,403.0,9.0
2017-04-01 12:46:00,21.4,22.5,995.0,181.0,528.0,424.0,403.0,12.0
2017-04-01 12:47:00,21.4,22.5,995.0,181.0,528.0,424.0,403.0,16.0
2017-04-01 17:08:00,21.4,22.5,995.0,181.0,528.0,424.0,403.0,7.0
2017-04-01 17:11:00,21.4,22.5,995.0,181.0,528.0,424.0,403.0,0.0
2017-04-08 10:09:00,21.4,22.5,995.0,181.0,528.0,424.0,403.0,30.0
2017-04-08 13:01:00,21.4,22.5,995.0,181.0,528.0,424.0,403.0,16.0
2017-04-08 13:03:00,21.4,22.5,995.0,181.0,528.0,424.0,403.0,19.0
